Name,Price,Rating,Availability,Product URL
Power. It’s in the Air.,N/A,4.5,N/A,https://www.amazon.inhttps://aax-eu.amazon.in/x/c/RBeS8TTkKC6qI4PLGZC2sUcAAAGQNJGH9gMAAAH2AQBvbm9fdHhuX2JpZDIgICBvbm9fdHhuX2ltcDEgICAaZkus/https://www.amazon.in/stores/page/7EADD116-0941-4C15-A480-94AF6FFF3B43/?_encoding=UTF8&store_ref=SB_A06808443K9KR8VS450F1-A08014543B27SJYFNXNJZ&pd_rd_plhdr=t&aaxitk=41a6a6da87dbb84c071b261279f78701&hsa_cr_id=0&lp_asins=B0B3BQ11LP%2CB0B3BS9BRW&lp_query=laptop&lp_slot=auto-sparkle-hsa-tetris&ref_=sbx_be_s_sparkle_lsi4d_bkgd&pd_rd_w=t0huX&content-id=amzn1.sym.df9fe057-524b-4172-ac34-9a1b3c4e647d%3Aamzn1.sym.df9fe057-524b-4172-ac34-9a1b3c4e647d&pf_rd_p=df9fe057-524b-4172-ac34-9a1b3c4e647d&pf_rd_r=8D2X7MKJXHSHE4ZH438X&pd_rd_wg=KyrN4&pd_rd_r=865bab64-0f3a-4c2a-83e4-6e323dc1ad97
N/A,N/A,N/A,N/A,N/A
"Acer Aspire Lite 12th Gen Intel Core i5-1235U Thin and Light Laptop (Windows 11 Home/16GB RAM/512GB SSD/Intel Iris Xe Graphics) AL15-52, 39.62cm (15.6"") Full HD Display, Metal Body, Steel Gray, 1.6 KG","45,990",3.8,"SponsoredSponsored You are seeing this ad based on the product’s relevance to your search query.Let us know  Acer Aspire Lite 12th Gen Intel Core i5-1235U Thin and Light Laptop (Windows 11 Home/16GB RAM/512GB SSD/Intel Iris Xe Graphics) AL15-52, 39.62cm (15.6"") Full HD Display, Metal Body, Steel Gray, 1.6 KG  3.8 out of 5 stars 412  ₹45,990₹45,990 M.R.P: ₹64,990₹64,990 (29% off)Flat INR 1000 Off on HDFC Bank Credit CardService: Device SetupAdd to cart-Remove",https://www.amazon.in/sspa/click?ie=UTF8&spc=MTo0NTMzOTQ2NTQzNTExNzE6MTcxODg2ODg3MTpzcF9hdGY6MzAwMjA4MDc2NjA3NDMyOjowOjo&url=%2FAcer-i5-1235U-Windows-Graphics-AL15-52%2Fdp%2FB0CLTW4D7T%2Fref%3Dsr_1_1_sspa%3Fdib%3DeyJ2IjoiMSJ9.pfQKLxx5fRSjcoGExZQg5OqnqKdKm-sUEV5BacIdcBzsHTA4QF4qBrso8u6StR9EsseMACoVT60d2RtLE-SKzJrdNDyKjK_fZpoGnGZc7r7o8N9OwbHpskqzjUCfWKQWyVJ6FJpxKLz9tRP2LO7ABKWmCf96umvg3KBD8Ec36CHatJ02RgtSxUYcdaadtk471sVIeGxCqsjM_9ZRdCQYFG1m6ZyKtGRj38b1xSyE9NE.E1STvG2ho2-DqYC1AeQae7B_yg2v4_GXZMP6jLSzh_E%26dib_tag%3Dse%26keywords%3Dlaptop%26qid%3D1718868870%26sr%3D8-1-spons%26sp_csd%3Dd2lkZ2V0TmFtZT1zcF9hdGY%26psc%3D1
"Apple 2023 MacBook Pro (16-inch, M3 Max chip with 16‑core CPU and 40‑core GPU, 48GB Unified Memory, 1TB) - Space Black","3,79,990",2.6,"SponsoredSponsored You are seeing this ad based on the product’s relevance to your search query.Let us know  Apple 2023 MacBook Pro (16-inch, M3 Max chip with 16‑core CPU and 40‑core GPU, 48GB Unified Memory, 1TB) - Space Black  2.6 out of 5 stars 8  ₹3,79,990₹3,79,990 M.R.P: ₹3,99,900₹3,99,900 (5% off)Flat INR 5000 Off on SBI Credit CardsAdd to cart-Remove",https://www.amazon.in/sspa/click?ie=UTF8&spc=MTo0NTMzOTQ2NTQzNTExNzE6MTcxODg2ODg3MTpzcF9hdGY6MzAwMDg1NDAzMjE4NzMyOjowOjo&url=%2FApple-MacBook-16-inch-16%25E2%2580%2591core-40%25E2%2580%2591core%2Fdp%2FB0CM5SZ7CP%2Fref%3Dsr_1_2_sspa%3Fdib%3DeyJ2IjoiMSJ9.pfQKLxx5fRSjcoGExZQg5OqnqKdKm-sUEV5BacIdcBzsHTA4QF4qBrso8u6StR9EsseMACoVT60d2RtLE-SKzJrdNDyKjK_fZpoGnGZc7r7o8N9OwbHpskqzjUCfWKQWyVJ6FJpxKLz9tRP2LO7ABKWmCf96umvg3KBD8Ec36CHatJ02RgtSxUYcdaadtk471sVIeGxCqsjM_9ZRdCQYFG1m6ZyKtGRj38b1xSyE9NE.E1STvG2ho2-DqYC1AeQae7B_yg2v4_GXZMP6jLSzh_E%26dib_tag%3Dse%26keywords%3Dlaptop%26qid%3D1718868870%26sr%3D8-2-spons%26sp_csd%3Dd2lkZ2V0TmFtZT1zcF9hdGY%26psc%3D1
"ASUS Vivobook Go 14 (2023), 14"" (35.56 cm) FHD (1920 x 1080) 16:9, Intel Celeron N4500, Thin and Light Laptop (8GB RAM/256GB SSD/Integrated Graphics/Windows 11 Home/Black/1.3 Kg), E410KA-EK013W","22,990",4.0,"ASUS Vivobook Go 14 (2023), 14"" (35.56 cm) FHD (1920 x 1080) 16:9, Intel Celeron N4500, Thin and Light Laptop (8GB RAM/256GB SSD/Integrated Graphics/Windows 11 Home/Black/1.3 Kg), E410KA-EK013W  4.0 out of 5 stars 1,534  500+ bought in past month₹22,990₹22,990 M.R.P: ₹36,990₹36,990 (38% off)Save extra with No Cost EMIService: Device SetupAdd to cart-Remove",https://www.amazon.in/ASUS-Vivobook-35-56-1920-1080/dp/B0CZXM6V2X/ref=sr_1_3?dib=eyJ2IjoiMSJ9.pfQKLxx5fRSjcoGExZQg5OqnqKdKm-sUEV5BacIdcBzsHTA4QF4qBrso8u6StR9EsseMACoVT60d2RtLE-SKzJrdNDyKjK_fZpoGnGZc7r7o8N9OwbHpskqzjUCfWKQWyVJ6FJpxKLz9tRP2LO7ABKWmCf96umvg3KBD8Ec36CHatJ02RgtSxUYcdaadtk471sVIeGxCqsjM_9ZRdCQYFG1m6ZyKtGRj38b1xSyE9NE.E1STvG2ho2-DqYC1AeQae7B_yg2v4_GXZMP6jLSzh_E&dib_tag=se&keywords=laptop&qid=1718868870&sr=8-3
"ASUS VivoBook 15 (2021) Thin and Light Laptop, Dual Core Intel Celeron N4020, 15.6-inch (39.62 cm) HD, (4GB RAM/256GB SSD/Integrated Graphics/Windows 11 Home/Transparent Silver/1.8 Kg), X515MA-BR011W","20,990",4.0,"ASUS VivoBook 15 (2021) Thin and Light Laptop, Dual Core Intel Celeron N4020, 15.6-inch (39.62 cm) HD, (4GB RAM/256GB SSD/Integrated Graphics/Windows 11 Home/Transparent Silver/1.8 Kg), X515MA-BR011W  4.0 out of 5 stars 1,534  400+ bought in past month₹20,990₹20,990 M.R.P: ₹33,990₹33,990 (38% off)Save extra with No Cost EMIService: Device SetupAdd to cart-Remove",https://www.amazon.in/ASUS-15-6-inch-Integrated-Transparent-X515MA-BR011W/dp/B09SGGB687/ref=sr_1_4?dib=eyJ2IjoiMSJ9.pfQKLxx5fRSjcoGExZQg5OqnqKdKm-sUEV5BacIdcBzsHTA4QF4qBrso8u6StR9EsseMACoVT60d2RtLE-SKzJrdNDyKjK_fZpoGnGZc7r7o8N9OwbHpskqzjUCfWKQWyVJ6FJpxKLz9tRP2LO7ABKWmCf96umvg3KBD8Ec36CHatJ02RgtSxUYcdaadtk471sVIeGxCqsjM_9ZRdCQYFG1m6ZyKtGRj38b1xSyE9NE.E1STvG2ho2-DqYC1AeQae7B_yg2v4_GXZMP6jLSzh_E&dib_tag=se&keywords=laptop&qid=1718868870&sr=8-4
"Lenovo IdeaPad 1 AMD Ryzen 5 5500U 15.6"" HD Thin and Light Laptop (16GB/512GB SSD/Windows 11 Home/MS Office 2021/Cloud Grey/1.61Kg), 82R400ERIN","38,990",4.0,"Lenovo IdeaPad 1 AMD Ryzen 5 5500U 15.6"" HD Thin and Light Laptop (16GB/512GB SSD/Windows 11 Home/MS Office 2021/Cloud Grey/1.61Kg), 82R400ERIN  4.0 out of 5 stars 1,808  500+ bought in past month₹38,990₹38,990 M.R.P: ₹58,390₹58,390 (33% off)Save extra with No Cost EMIService: Device SetupAdd to cart-RemoveMore Buying Choices₹38,800(5 new offers)",https://www.amazon.in/Lenovo-IdeaPad-Laptop-Windows-82R400ERIN/dp/B0CP2KRYLM/ref=sr_1_5?dib=eyJ2IjoiMSJ9.pfQKLxx5fRSjcoGExZQg5OqnqKdKm-sUEV5BacIdcBzsHTA4QF4qBrso8u6StR9EsseMACoVT60d2RtLE-SKzJrdNDyKjK_fZpoGnGZc7r7o8N9OwbHpskqzjUCfWKQWyVJ6FJpxKLz9tRP2LO7ABKWmCf96umvg3KBD8Ec36CHatJ02RgtSxUYcdaadtk471sVIeGxCqsjM_9ZRdCQYFG1m6ZyKtGRj38b1xSyE9NE.E1STvG2ho2-DqYC1AeQae7B_yg2v4_GXZMP6jLSzh_E&dib_tag=se&keywords=laptop&qid=1718868870&sr=8-5
N/A,"59,990",4.1,Sponsored,https://www.amazon.in/sspa/click?ie=UTF8&spc=MTo3NTMxMzU4OTE1MTYzMTcxOjE3MTg4Njg4NzE6c3Bfc2VhcmNoX3RoZW1hdGljOjMwMDExMDk3NDc0NDMzMjo6MDo6&url=%2FLenovo-IdeaPad-39-62cm-Windows-82RK011EIN%2Fdp%2FB0CMGZCDRW%2Fref%3Dsxin_12_pa_sp_search_thematic_sspa%3Fcontent-id%3Damzn1.sym.ee635213-fee1-408a-be4a-3523feeb9a42%253Aamzn1.sym.ee635213-fee1-408a-be4a-3523feeb9a42%26cv_ct_cx%3Dlaptop%26dib%3DeyJ2IjoiMSJ9.27z79kD6GtYXfzeBFam5UwOx7RtVbjmaEBEsiFULo91q9SFX7s9faBgx7IglgLyGns-l6FxcsxFAFox_n5j4Aw.XgQ6c2cz57kT4WPnYcCkhEeODLiV_KSFWj0UAdVeNDY%26dib_tag%3Dse%26keywords%3Dlaptop%26pd_rd_i%3DB0CMGZCDRW%26pd_rd_r%3Ddbf0cfb4-0d2f-484f-8984-d5f103c1863a%26pd_rd_w%3DgDCPV%26pd_rd_wg%3DduXKp%26pf_rd_p%3Dee635213-fee1-408a-be4a-3523feeb9a42%26pf_rd_r%3D8D2X7MKJXHSHE4ZH438X%26qid%3D1718868870%26sbo%3DRZvfv%252F%252FHxDF%252BO5021pAnSA%253D%253D%26sr%3D1-1-ced4eeeb-b190-41d6-902a-1ecb3fb8b7c4-spons%26sp_csd%3Dd2lkZ2V0TmFtZT1zcF9zZWFyY2hfdGhlbWF0aWM%26psc%3D1
N/A,"59,990",4.1,"Lenovo IdeaPad 3 Intel Core i7 12th Gen 1255U - (16 GB/512 GB SSD/Windows 11 Home) 15IAU7 Laptop 82RK011GIN (39.62 cm, Arctic Grey, 1.63 Kg, with MS Office)  4.1 out of 5 stars 509  Limited time deal  ₹59,990₹59,990 M.R.P: ₹82,990₹82,990 (28% off)Upto 10% Off on select cardsService: Device Setup",https://www.amazon.in/sspa/click?ie=UTF8&spc=MTo3NTMxMzU4OTE1MTYzMTcxOjE3MTg4Njg4NzE6c3Bfc2VhcmNoX3RoZW1hdGljOjMwMDExMDk3NDc0NDMzMjo6MDo6&url=%2FLenovo-IdeaPad-39-62cm-Windows-82RK011EIN%2Fdp%2FB0CMGZCDRW%2Fref%3Dsxin_12_pa_sp_search_thematic_sspa%3Fcontent-id%3Damzn1.sym.ee635213-fee1-408a-be4a-3523feeb9a42%253Aamzn1.sym.ee635213-fee1-408a-be4a-3523feeb9a42%26cv_ct_cx%3Dlaptop%26dib%3DeyJ2IjoiMSJ9.27z79kD6GtYXfzeBFam5UwOx7RtVbjmaEBEsiFULo91q9SFX7s9faBgx7IglgLyGns-l6FxcsxFAFox_n5j4Aw.XgQ6c2cz57kT4WPnYcCkhEeODLiV_KSFWj0UAdVeNDY%26dib_tag%3Dse%26keywords%3Dlaptop%26pd_rd_i%3DB0CMGZCDRW%26pd_rd_r%3Ddbf0cfb4-0d2f-484f-8984-d5f103c1863a%26pd_rd_w%3DgDCPV%26pd_rd_wg%3DduXKp%26pf_rd_p%3Dee635213-fee1-408a-be4a-3523feeb9a42%26pf_rd_r%3D8D2X7MKJXHSHE4ZH438X%26qid%3D1718868870%26sbo%3DRZvfv%252F%252FHxDF%252BO5021pAnSA%253D%253D%26sr%3D1-1-ced4eeeb-b190-41d6-902a-1ecb3fb8b7c4-spons%26sp_csd%3Dd2lkZ2V0TmFtZT1zcF9zZWFyY2hfdGhlbWF0aWM%26psc%3D1
N/A,"51,890",4.0,"HP Laptop 15s, 12th Gen Intel Core i5-1235U, 15.6-inch (39.6 cm), FHD, 16GB DDR4, 512GB SSD, Intel Iris Xe graphics, Backlit KB,MSO,Thin & Light, Dual speakers (Win 11, Silver, 1.69 kg), fq5330TU  4.0 out of 5 stars 963  500+ bought in past month₹51,890₹51,890 M.R.P: ₹68,223₹68,223 (24% off)Upto 10% Off on select cardsService: Device Setup",https://www.amazon.in/sspa/click?ie=UTF8&spc=MTo3NTMxMzU4OTE1MTYzMTcxOjE3MTg4Njg4NzE6c3Bfc2VhcmNoX3RoZW1hdGljOjMwMDIxNDQzODY1MDgzMjo6MTo6&url=%2FHP-i5-1235U-15-6-inch-graphics-speakers%2Fdp%2FB0CTKHTNWL%2Fref%3Dsxin_12_pa_sp_search_thematic_sspa%3Fcontent-id%3Damzn1.sym.ee635213-fee1-408a-be4a-3523feeb9a42%253Aamzn1.sym.ee635213-fee1-408a-be4a-3523feeb9a42%26cv_ct_cx%3Dlaptop%26dib%3DeyJ2IjoiMSJ9.27z79kD6GtYXfzeBFam5UwOx7RtVbjmaEBEsiFULo91q9SFX7s9faBgx7IglgLyGns-l6FxcsxFAFox_n5j4Aw.XgQ6c2cz57kT4WPnYcCkhEeODLiV_KSFWj0UAdVeNDY%26dib_tag%3Dse%26keywords%3Dlaptop%26pd_rd_i%3DB0CTKHTNWL%26pd_rd_r%3Ddbf0cfb4-0d2f-484f-8984-d5f103c1863a%26pd_rd_w%3DgDCPV%26pd_rd_wg%3DduXKp%26pf_rd_p%3Dee635213-fee1-408a-be4a-3523feeb9a42%26pf_rd_r%3D8D2X7MKJXHSHE4ZH438X%26qid%3D1718868870%26sbo%3DRZvfv%252F%252FHxDF%252BO5021pAnSA%253D%253D%26sr%3D1-2-ced4eeeb-b190-41d6-902a-1ecb3fb8b7c4-spons%26sp_csd%3Dd2lkZ2V0TmFtZT1zcF9zZWFyY2hfdGhlbWF0aWM%26psc%3D1
N/A,"35,990",4.0,"Lenovo IdeaPad 1 AMD Ryzen 5 5500U 15.6"" (39.62cm) FHD Thin & Light Laptop (8GB/512GB SSD/Windows 11/Office 2021/HD Camera/1 Year ADP Free/Grey/1.6Kg), 82R400BGIN  4.0 out of 5 stars 1,808  200+ bought in past month₹35,990₹35,990 M.R.P: ₹68,990₹68,990 (48% off)Save extra with No Cost EMI  Alexa Built-in Alexa Built-inAlexa Built-in devices let you talk directly to Alexa, allowing you to play music, control your Smart Home, get news, weather and more using your voice. Service: Device Setup",https://www.amazon.in/sspa/click?ie=UTF8&spc=MTo3NTMxMzU4OTE1MTYzMTcxOjE3MTg4Njg4NzE6c3Bfc2VhcmNoX3RoZW1hdGljOjMwMDA3MDc4NzE0MzUzMjo6Mjo6&url=%2FLenovo-IdeaPad-39-62cm-Windows-82R400BGIN%2Fdp%2FB09MM58Y7Q%2Fref%3Dsxin_12_pa_sp_search_thematic_sspa%3Fcontent-id%3Damzn1.sym.ee635213-fee1-408a-be4a-3523feeb9a42%253Aamzn1.sym.ee635213-fee1-408a-be4a-3523feeb9a42%26cv_ct_cx%3Dlaptop%26dib%3DeyJ2IjoiMSJ9.27z79kD6GtYXfzeBFam5UwOx7RtVbjmaEBEsiFULo91q9SFX7s9faBgx7IglgLyGns-l6FxcsxFAFox_n5j4Aw.XgQ6c2cz57kT4WPnYcCkhEeODLiV_KSFWj0UAdVeNDY%26dib_tag%3Dse%26keywords%3Dlaptop%26pd_rd_i%3DB09MM58Y7Q%26pd_rd_r%3Ddbf0cfb4-0d2f-484f-8984-d5f103c1863a%26pd_rd_w%3DgDCPV%26pd_rd_wg%3DduXKp%26pf_rd_p%3Dee635213-fee1-408a-be4a-3523feeb9a42%26pf_rd_r%3D8D2X7MKJXHSHE4ZH438X%26qid%3D1718868870%26sbo%3DRZvfv%252F%252FHxDF%252BO5021pAnSA%253D%253D%26sr%3D1-3-ced4eeeb-b190-41d6-902a-1ecb3fb8b7c4-spons%26sp_csd%3Dd2lkZ2V0TmFtZT1zcF9zZWFyY2hfdGhlbWF0aWM%26psc%3D1
N/A,"84,990",4.1,"ASUS Vivobook 16 (2023)Thin & Light Laptop,Intel Core i9-13900H 13th Gen, 16"" (40.64 cm) FHD+(16GB RAM/512GB SSD/Intel Iris Xe/Win 11/Office 2021/Backlit KB/Fingerprint/Black/1.88 kg) X1605VA-MB947WS  4.1 out of 5 stars 153  Limited time deal  ₹84,990₹84,990 M.R.P: ₹1,16,990₹1,16,990 (27% off)Save extra with No Cost EMIService: Device Setup",https://www.amazon.in/sspa/click?ie=UTF8&spc=MTo3NTMxMzU4OTE1MTYzMTcxOjE3MTg4Njg4NzE6c3Bfc2VhcmNoX3RoZW1hdGljOjMwMDE2Njk0MTUwNTgzMjo6Mzo6&url=%2FASUS-Vivobook-i9-13900H-Fingerprint-X1605VA-MB947WS%2Fdp%2FB0CHMZRC89%2Fref%3Dsxin_12_pa_sp_search_thematic_sspa%3Fcontent-id%3Damzn1.sym.ee635213-fee1-408a-be4a-3523feeb9a42%253Aamzn1.sym.ee635213-fee1-408a-be4a-3523feeb9a42%26cv_ct_cx%3Dlaptop%26dib%3DeyJ2IjoiMSJ9.27z79kD6GtYXfzeBFam5UwOx7RtVbjmaEBEsiFULo91q9SFX7s9faBgx7IglgLyGns-l6FxcsxFAFox_n5j4Aw.XgQ6c2cz57kT4WPnYcCkhEeODLiV_KSFWj0UAdVeNDY%26dib_tag%3Dse%26keywords%3Dlaptop%26pd_rd_i%3DB0CHMZRC89%26pd_rd_r%3Ddbf0cfb4-0d2f-484f-8984-d5f103c1863a%26pd_rd_w%3DgDCPV%26pd_rd_wg%3DduXKp%26pf_rd_p%3Dee635213-fee1-408a-be4a-3523feeb9a42%26pf_rd_r%3D8D2X7MKJXHSHE4ZH438X%26qid%3D1718868870%26sbo%3DRZvfv%252F%252FHxDF%252BO5021pAnSA%253D%253D%26sr%3D1-4-ced4eeeb-b190-41d6-902a-1ecb3fb8b7c4-spons%26sp_csd%3Dd2lkZ2V0TmFtZT1zcF9zZWFyY2hfdGhlbWF0aWM%26psc%3D1
N/A,"67,450",3.9,"HP Pavilion x360 2-in-1 Laptop 13th Gen Intel Core i5-1335U, 14-inch (39.6 cm) FHD,Multitouch, 16GB RAM, 512GB SSD, Intel Iris X Graphics, B&O, Pen, FPR (Win 11, MSO, 1.69kg), 14-ek1074TU  3.9 out of 5 stars 41  ₹67,450₹67,450 M.R.P: ₹91,615₹91,615 (26% off)Save extra with No Cost EMIService: Device Setup",https://www.amazon.in/sspa/click?ie=UTF8&spc=MTo3NTMxMzU4OTE1MTYzMTcxOjE3MTg4Njg4NzE6c3Bfc2VhcmNoX3RoZW1hdGljOjMwMDE2Njk0MTUwNzYzMjo6NDo6&url=%2FHP-Pavilion-Laptop-Multitouch-14-ek1074TU%2Fdp%2FB0CJ2KWNNQ%2Fref%3Dsxin_12_pa_sp_search_thematic_sspa%3Fcontent-id%3Damzn1.sym.ee635213-fee1-408a-be4a-3523feeb9a42%253Aamzn1.sym.ee635213-fee1-408a-be4a-3523feeb9a42%26cv_ct_cx%3Dlaptop%26dib%3DeyJ2IjoiMSJ9.27z79kD6GtYXfzeBFam5UwOx7RtVbjmaEBEsiFULo91q9SFX7s9faBgx7IglgLyGns-l6FxcsxFAFox_n5j4Aw.XgQ6c2cz57kT4WPnYcCkhEeODLiV_KSFWj0UAdVeNDY%26dib_tag%3Dse%26keywords%3Dlaptop%26pd_rd_i%3DB0CJ2KWNNQ%26pd_rd_r%3Ddbf0cfb4-0d2f-484f-8984-d5f103c1863a%26pd_rd_w%3DgDCPV%26pd_rd_wg%3DduXKp%26pf_rd_p%3Dee635213-fee1-408a-be4a-3523feeb9a42%26pf_rd_r%3D8D2X7MKJXHSHE4ZH438X%26qid%3D1718868870%26sbo%3DRZvfv%252F%252FHxDF%252BO5021pAnSA%253D%253D%26sr%3D1-5-ced4eeeb-b190-41d6-902a-1ecb3fb8b7c4-spons%26sp_csd%3Dd2lkZ2V0TmFtZT1zcF9zZWFyY2hfdGhlbWF0aWM%26psc%3D1
SIDRUM Camera Backpack Waterproof Camera Bag | Large Capacity Camera Case with 15 Inch Laptop Compartment & Rain Cover | for Photographer carrying DSLR SLR Cameras Lens Tripods,"1,999",4.2,"Sponsored SIDRUM Camera Backpack Waterproof Camera Bag | Large Capacity Camera Case with 15 Inch Laptop Compartment & Rain Cover | for Photographer carrying DSLR SLR Cameras Lens Tripods  4.2 out of 5 stars 127  ₹1,999₹1,999 M.R.P: ₹2,999₹2,999 (33% off)",https://www.amazon.inhttps://aax-eu.amazon.in/x/c/RI0NQXhTBz1HAspEQUSAA7cAAAGQNJGHzgMAAAH2AQBvbm9fdHhuX2JpZDIgICBvbm9fdHhuX2ltcDEgICAKA-vY/https://www.amazon.in/dp/B0BG29FDC7?pd_rd_i=B0BG29FDC7&pf_rd_p=b42c24c1-350c-4ffc-af23-8292fe4c8462&pf_rd_r=8D2X7MKJXHSHE4ZH438X&pd_rd_wg=duXKp&pd_rd_w=UvE1N&pd_rd_r=dbf0cfb4-0d2f-484f-8984-d5f103c1863a
N/A,N/A,N/A,N/A,N/A
"Chuwi HeroBook Pro 14.1'' Intel Celeron N4020 Laptop with 8GB RAM, 256GB SSD, Windows 11, 1TB Expand, FHD IPS, Ultra Slim, USB3.0, Mini-HDMI, Webcam","16,490",3.6,"Chuwi HeroBook Pro 14.1'' Intel Celeron N4020 Laptop with 8GB RAM, 256GB SSD, Windows 11, 1TB Expand, FHD IPS, Ultra Slim, USB3.0, Mini-HDMI, Webcam  3.6 out of 5 stars 4,036  200+ bought in past monthLimited time deal  ₹16,490₹16,490 M.R.P: ₹34,990₹34,990 (53% off)Save extra with No Cost EMIService: Device SetupAdd to cart-Remove",https://www.amazon.in/Chuwi-HeroBook-Pro-Celeron-Mini-HDMI/dp/B00OKAFZHO/ref=sr_1_6?dib=eyJ2IjoiMSJ9.pfQKLxx5fRSjcoGExZQg5OqnqKdKm-sUEV5BacIdcBzsHTA4QF4qBrso8u6StR9EsseMACoVT60d2RtLE-SKzJrdNDyKjK_fZpoGnGZc7r7o8N9OwbHpskqzjUCfWKQWyVJ6FJpxKLz9tRP2LO7ABKWmCf96umvg3KBD8Ec36CHatJ02RgtSxUYcdaadtk471sVIeGxCqsjM_9ZRdCQYFG1m6ZyKtGRj38b1xSyE9NE.E1STvG2ho2-DqYC1AeQae7B_yg2v4_GXZMP6jLSzh_E&dib_tag=se&keywords=laptop&qid=1718868870&sr=8-6
"Dell 14 Thin & Light Laptop, 12th Gen Intel Core i3-1215U Processor/8GB/512GB SSD/Intel UHD Graphics/14.0""(35.56cm) FHD/Windows 11 + MSO'21/15 Month McAfee/Spill-Resistant Keyboard/Grey/1.48kg","35,990",3.8,"Best sellerin Traditional Laptops  Dell 14 Thin & Light Laptop, 12th Gen Intel Core i3-1215U Processor/8GB/512GB SSD/Intel UHD Graphics/14.0""(35.56cm) FHD/Windows 11 + MSO'21/15 Month McAfee/Spill-Resistant Keyboard/Grey/1.48kg  3.8 out of 5 stars 673  500+ bought in past month₹35,990₹35,990 M.R.P: ₹57,778₹57,778 (38% off)Save extra with No Cost EMIService: Device SetupAdd to cart-Remove",https://www.amazon.in/gp/bestsellers/computers/22963796031/ref=sr_bs_6_22963796031_1
"HP Laptop 15s, 12th Gen Intel Core i5-1235U, 15.6-inch (39.6 cm), FHD, 16GB DDR4, 512GB SSD, Intel Iris Xe graphics, Backlit KB,MSO,Thin & Light, Dual speakers (Win 11, Silver, 1.69 kg), fq5330TU","51,890",4.0,"HP Laptop 15s, 12th Gen Intel Core i5-1235U, 15.6-inch (39.6 cm), FHD, 16GB DDR4, 512GB SSD, Intel Iris Xe graphics, Backlit KB,MSO,Thin & Light, Dual speakers (Win 11, Silver, 1.69 kg), fq5330TU  4.0 out of 5 stars 963  500+ bought in past month₹51,890₹51,890 M.R.P: ₹68,223₹68,223 (24% off)Upto 10% Off on select cardsService: Device SetupAdd to cart-RemoveMore Buying Choices₹51,790(9 new offers)",https://www.amazon.in/HP-i5-1235U-15-6-inch-graphics-speakers/dp/B0CTKHTNWL/ref=sr_1_8?dib=eyJ2IjoiMSJ9.pfQKLxx5fRSjcoGExZQg5OqnqKdKm-sUEV5BacIdcBzsHTA4QF4qBrso8u6StR9EsseMACoVT60d2RtLE-SKzJrdNDyKjK_fZpoGnGZc7r7o8N9OwbHpskqzjUCfWKQWyVJ6FJpxKLz9tRP2LO7ABKWmCf96umvg3KBD8Ec36CHatJ02RgtSxUYcdaadtk471sVIeGxCqsjM_9ZRdCQYFG1m6ZyKtGRj38b1xSyE9NE.E1STvG2ho2-DqYC1AeQae7B_yg2v4_GXZMP6jLSzh_E&dib_tag=se&keywords=laptop&qid=1718868870&sr=8-8
"HP Laptop 15s, AMD Ryzen 3 5300U, 15.6-inch (39.6 cm), FHD, 8GB DDR4, 512GB SSD, AMD Radeon graphics, Thin & light, Dual speakers (Win 11, MSO 2019, Silver, 1.69 kg), eq2143AU","31,990",4.1,"HP Laptop 15s, AMD Ryzen 3 5300U, 15.6-inch (39.6 cm), FHD, 8GB DDR4, 512GB SSD, AMD Radeon graphics, Thin & light, Dual speakers (Win 11, MSO 2019, Silver, 1.69 kg), eq2143AU  4.1 out of 5 stars 2,748  ₹31,990₹31,990 M.R.P: ₹47,999₹47,999 (33% off)Save extra with No Cost EMI  Alexa Built-in Alexa Built-inAlexa Built-in devices let you talk directly to Alexa, allowing you to play music, control your Smart Home, get news, weather and more using your voice. Service: Device SetupAdd to cart-Remove",https://www.amazon.in/HP-15-6inch-Micro-Edge-Anti-Glare-15s-Eq2143au/dp/B09R1MMMTH/ref=sr_1_9?dib=eyJ2IjoiMSJ9.pfQKLxx5fRSjcoGExZQg5OqnqKdKm-sUEV5BacIdcBzsHTA4QF4qBrso8u6StR9EsseMACoVT60d2RtLE-SKzJrdNDyKjK_fZpoGnGZc7r7o8N9OwbHpskqzjUCfWKQWyVJ6FJpxKLz9tRP2LO7ABKWmCf96umvg3KBD8Ec36CHatJ02RgtSxUYcdaadtk471sVIeGxCqsjM_9ZRdCQYFG1m6ZyKtGRj38b1xSyE9NE.E1STvG2ho2-DqYC1AeQae7B_yg2v4_GXZMP6jLSzh_E&dib_tag=se&keywords=laptop&qid=1718868870&sr=8-9
"ASUS Vivobook 15, Intel Celeron N4020, 15.6"" (39.62 cms) HD, Thin and Light Laptop (8GB/512GB SSD/Integrated Graphics/Windows 11/Office 2021/Silver/1.8 kg), X515MA-BR022WS","26,990",4.0,"ASUS Vivobook 15, Intel Celeron N4020, 15.6"" (39.62 cms) HD, Thin and Light Laptop (8GB/512GB SSD/Integrated Graphics/Windows 11/Office 2021/Silver/1.8 kg), X515MA-BR022WS  4.0 out of 5 stars 1,534  400+ bought in past month₹26,990₹26,990 M.R.P: ₹38,990₹38,990 (31% off)Save extra with No Cost EMIService: Device SetupAdd to cart-Remove",https://www.amazon.in/ASUS-SmartChoice-Integrated-Fingerprint-X515MA-BR024WS/dp/B0C1GM4C6V/ref=sr_1_10?dib=eyJ2IjoiMSJ9.pfQKLxx5fRSjcoGExZQg5OqnqKdKm-sUEV5BacIdcBzsHTA4QF4qBrso8u6StR9EsseMACoVT60d2RtLE-SKzJrdNDyKjK_fZpoGnGZc7r7o8N9OwbHpskqzjUCfWKQWyVJ6FJpxKLz9tRP2LO7ABKWmCf96umvg3KBD8Ec36CHatJ02RgtSxUYcdaadtk471sVIeGxCqsjM_9ZRdCQYFG1m6ZyKtGRj38b1xSyE9NE.E1STvG2ho2-DqYC1AeQae7B_yg2v4_GXZMP6jLSzh_E&dib_tag=se&keywords=laptop&qid=1718868870&sr=8-10
"Apple 2023 MacBook Pro (14-inch, M3 chip with 8‑core CPU and 10‑core GPU, 8GB Unified Memory, 512GB) - Silver","1,59,790",4.5,"SponsoredSponsored You are seeing this ad based on the product’s relevance to your search query.Let us know  Apple 2023 MacBook Pro (14-inch, M3 chip with 8‑core CPU and 10‑core GPU, 8GB Unified Memory, 512GB) - Silver  4.5 out of 5 stars 22  ₹1,59,790₹1,59,790 M.R.P: ₹1,69,900₹1,69,900 (6% off)Flat INR 5000 Off on SBI Credit CardsAdd to cart-Remove+2 colors/patterns",https://www.amazon.in/sspa/click?ie=UTF8&spc=MTo0NTMzOTQ2NTQzNTExNzE6MTcxODg2ODg3MTpzcF9tdGY6MzAwMDg1NDAzMjE5MTMyOjowOjo&url=%2FApple-MacBook-14-inch-10%25E2%2580%2591core-Unified%2Fdp%2FB0CM5RTLM1%2Fref%3Dsr_1_11_sspa%3Fdib%3DeyJ2IjoiMSJ9.pfQKLxx5fRSjcoGExZQg5OqnqKdKm-sUEV5BacIdcBzsHTA4QF4qBrso8u6StR9EsseMACoVT60d2RtLE-SKzJrdNDyKjK_fZpoGnGZc7r7o8N9OwbHpskqzjUCfWKQWyVJ6FJpxKLz9tRP2LO7ABKWmCf96umvg3KBD8Ec36CHatJ02RgtSxUYcdaadtk471sVIeGxCqsjM_9ZRdCQYFG1m6ZyKtGRj38b1xSyE9NE.E1STvG2ho2-DqYC1AeQae7B_yg2v4_GXZMP6jLSzh_E%26dib_tag%3Dse%26keywords%3Dlaptop%26qid%3D1718868870%26sr%3D8-11-spons%26sp_csd%3Dd2lkZ2V0TmFtZT1zcF9tdGY%26psc%3D1
"Dell 15 Thin & Light Laptop, 12th Gen Intel Core i5-1235U Processor, 8GB, 512GB SSD, 15.6"" (39.62cm) FHD Display, Win 11 + MSO'21, 15 Month McAfee Antivirus, Black, Spill-Resistant Keyboard,1.66kg","46,990",3.8,"SponsoredSponsored You are seeing this ad based on the product’s relevance to your search query.Let us know  Dell 15 Thin & Light Laptop, 12th Gen Intel Core i5-1235U Processor, 8GB, 512GB SSD, 15.6"" (39.62cm) FHD Display, Win 11 + MSO'21, 15 Month McAfee Antivirus, Black, Spill-Resistant Keyboard,1.66kg  3.8 out of 5 stars 673  400+ bought in past month₹46,990₹46,990 M.R.P: ₹62,088₹62,088 (24% off)Save extra with No Cost EMIService: Device SetupAdd to cart-Remove",https://www.amazon.in/sspa/click?ie=UTF8&spc=MTo0NTMzOTQ2NTQzNTExNzE6MTcxODg2ODg3MTpzcF9tdGY6MzAwMTM3OTAzNzc3NzMyOjowOjo&url=%2FDell-i5-1235U-Processor-Antivirus-Spill-Resistant%2Fdp%2FB0CSG4G18G%2Fref%3Dsr_1_12_sspa%3Fdib%3DeyJ2IjoiMSJ9.pfQKLxx5fRSjcoGExZQg5OqnqKdKm-sUEV5BacIdcBzsHTA4QF4qBrso8u6StR9EsseMACoVT60d2RtLE-SKzJrdNDyKjK_fZpoGnGZc7r7o8N9OwbHpskqzjUCfWKQWyVJ6FJpxKLz9tRP2LO7ABKWmCf96umvg3KBD8Ec36CHatJ02RgtSxUYcdaadtk471sVIeGxCqsjM_9ZRdCQYFG1m6ZyKtGRj38b1xSyE9NE.E1STvG2ho2-DqYC1AeQae7B_yg2v4_GXZMP6jLSzh_E%26dib_tag%3Dse%26keywords%3Dlaptop%26qid%3D1718868870%26sr%3D8-12-spons%26sp_csd%3Dd2lkZ2V0TmFtZT1zcF9tdGY%26psc%3D1
"HP Laptop 15s, Intel Celeron N4500, 15.6-inch (39.6 cm), HD, 8GB DDR4, 512GB SSD, Intel UHD Graphics, 720p HD Camera, Thin & Light, Dual Speakers (Win 11, Black, 1.65 kg), fq3066TU","26,490",3.3,"HP Laptop 15s, Intel Celeron N4500, 15.6-inch (39.6 cm), HD, 8GB DDR4, 512GB SSD, Intel UHD Graphics, 720p HD Camera, Thin & Light, Dual Speakers (Win 11, Black, 1.65 kg), fq3066TU  3.3 out of 5 stars 36  100+ bought in past month₹26,490₹26,490 M.R.P: ₹31,964₹31,964 (17% off)Upto 10% Off on select cardsService: Device SetupAdd to cart-Remove",https://www.amazon.in/HP-15-6-inch-Micro-Edge-Graphics-15s-fq3066TU/dp/B0CJC7S45V/ref=sr_1_13?dib=eyJ2IjoiMSJ9.pfQKLxx5fRSjcoGExZQg5OqnqKdKm-sUEV5BacIdcBzsHTA4QF4qBrso8u6StR9EsseMACoVT60d2RtLE-SKzJrdNDyKjK_fZpoGnGZc7r7o8N9OwbHpskqzjUCfWKQWyVJ6FJpxKLz9tRP2LO7ABKWmCf96umvg3KBD8Ec36CHatJ02RgtSxUYcdaadtk471sVIeGxCqsjM_9ZRdCQYFG1m6ZyKtGRj38b1xSyE9NE.E1STvG2ho2-DqYC1AeQae7B_yg2v4_GXZMP6jLSzh_E&dib_tag=se&keywords=laptop&qid=1718868870&sr=8-13
"Apple MacBook Air Laptop M1 chip, 13.3-inch/33.74 cm Retina Display, 8GB RAM, 256GB SSD Storage, Backlit Keyboard, FaceTime HD Camera, Touch ID. Works with iPhone/iPad; Space Grey","71,990",4.7,"Apple MacBook Air Laptop M1 chip, 13.3-inch/33.74 cm Retina Display, 8GB RAM, 256GB SSD Storage, Backlit Keyboard, FaceTime HD Camera, Touch ID. Works with iPhone/iPad; Space Grey  4.7 out of 5 stars 5,028  500+ bought in past month₹71,990₹71,990 M.R.P: ₹92,900₹92,900 (23% off)Flat INR 5000 Off on ICICI Credit CardsAdd to cart-Remove",https://www.amazon.in/Apple-MacBook-Chip-13-inch-256GB/dp/B08N5W4NNB/ref=sr_1_14?dib=eyJ2IjoiMSJ9.pfQKLxx5fRSjcoGExZQg5OqnqKdKm-sUEV5BacIdcBzsHTA4QF4qBrso8u6StR9EsseMACoVT60d2RtLE-SKzJrdNDyKjK_fZpoGnGZc7r7o8N9OwbHpskqzjUCfWKQWyVJ6FJpxKLz9tRP2LO7ABKWmCf96umvg3KBD8Ec36CHatJ02RgtSxUYcdaadtk471sVIeGxCqsjM_9ZRdCQYFG1m6ZyKtGRj38b1xSyE9NE.E1STvG2ho2-DqYC1AeQae7B_yg2v4_GXZMP6jLSzh_E&dib_tag=se&keywords=laptop&qid=1718868870&sr=8-14
"HP Laptop 15,12th Gen Intel Core i3-1215U,15.6 inch(39.6 cm),FHD,Anti-Glare,8 GB DDR4,512 GB SSD,Windows 11,MSO,Dual Speakers,1.69 kg,Natural Silver,15s-fq5326TU","36,970",4.1,"HP Laptop 15,12th Gen Intel Core i3-1215U,15.6 inch(39.6 cm),FHD,Anti-Glare,8 GB DDR4,512 GB SSD,Windows 11,MSO,Dual Speakers,1.69 kg,Natural Silver,15s-fq5326TU  4.1 out of 5 stars 1,901  200+ bought in past monthLimited time deal  ₹36,970₹36,970 M.R.P: ₹48,419₹48,419 (24% off)Save extra with No Cost EMIService: Device SetupAdd to cart-Remove",https://www.amazon.in/HP-i3-1215U-Anti-Glare-Speakers-15s-fq5326TU/dp/B0CYQ257C1/ref=sr_1_15?dib=eyJ2IjoiMSJ9.pfQKLxx5fRSjcoGExZQg5OqnqKdKm-sUEV5BacIdcBzsHTA4QF4qBrso8u6StR9EsseMACoVT60d2RtLE-SKzJrdNDyKjK_fZpoGnGZc7r7o8N9OwbHpskqzjUCfWKQWyVJ6FJpxKLz9tRP2LO7ABKWmCf96umvg3KBD8Ec36CHatJ02RgtSxUYcdaadtk471sVIeGxCqsjM_9ZRdCQYFG1m6ZyKtGRj38b1xSyE9NE.E1STvG2ho2-DqYC1AeQae7B_yg2v4_GXZMP6jLSzh_E&dib_tag=se&keywords=laptop&qid=1718868870&sr=8-15
"Walker Notebook/Laptop PC Model No - NU14A1, 14.1 inches,Gemini Celeron N 4020, 4 GB RAM, 128 GB SSD, Windows 11 Home SL- Colour Silver","12,990",3.9,"Walker Notebook/Laptop PC Model No - NU14A1, 14.1 inches,Gemini Celeron N 4020, 4 GB RAM, 128 GB SSD, Windows 11 Home SL- Colour Silver  3.9 out of 5 stars 46  Limited time deal  ₹12,990₹12,990 M.R.P: ₹30,000₹30,000 (57% off)Save extra with No Cost EMIAdd to cart-Remove",https://www.amazon.in/Walker-Notebook-Laptop-PC-Model/dp/B0CGVLLWT3/ref=sr_1_16?dib=eyJ2IjoiMSJ9.pfQKLxx5fRSjcoGExZQg5OqnqKdKm-sUEV5BacIdcBzsHTA4QF4qBrso8u6StR9EsseMACoVT60d2RtLE-SKzJrdNDyKjK_fZpoGnGZc7r7o8N9OwbHpskqzjUCfWKQWyVJ6FJpxKLz9tRP2LO7ABKWmCf96umvg3KBD8Ec36CHatJ02RgtSxUYcdaadtk471sVIeGxCqsjM_9ZRdCQYFG1m6ZyKtGRj38b1xSyE9NE.E1STvG2ho2-DqYC1AeQae7B_yg2v4_GXZMP6jLSzh_E&dib_tag=se&keywords=laptop&qid=1718868870&sr=8-16
"Primebook S Wifi, 2024(NEW) Android Based MediaTek MT8183 - (PrimeOS) Thin and Light Laptop (11.6 Inch, 1.065 Kg, Type C) (4GB/128GB eMMC Storage)","13,990",5.0,"Primebook S Wifi, 2024(NEW) Android Based MediaTek MT8183 - (PrimeOS) Thin and Light Laptop (11.6 Inch, 1.065 Kg, Type C) (4GB/128GB eMMC Storage)  5.0 out of 5 stars 2  ₹13,990₹13,990 M.R.P: ₹20,990₹20,990 (33% off)Save extra with No Cost EMIAdd to cart-Remove",https://www.amazon.in/Primebook-Android-Based-MediaTek-MT8183/dp/B0D2Y4KLGN/ref=sr_1_17?dib=eyJ2IjoiMSJ9.pfQKLxx5fRSjcoGExZQg5OqnqKdKm-sUEV5BacIdcBzsHTA4QF4qBrso8u6StR9EsseMACoVT60d2RtLE-SKzJrdNDyKjK_fZpoGnGZc7r7o8N9OwbHpskqzjUCfWKQWyVJ6FJpxKLz9tRP2LO7ABKWmCf96umvg3KBD8Ec36CHatJ02RgtSxUYcdaadtk471sVIeGxCqsjM_9ZRdCQYFG1m6ZyKtGRj38b1xSyE9NE.E1STvG2ho2-DqYC1AeQae7B_yg2v4_GXZMP6jLSzh_E&dib_tag=se&keywords=laptop&qid=1718868870&sr=8-17
"Lenovo IdeaPad Slim 3 Intel Core i3 12th Gen 15.6"" (39.62cm) FHD Thin & Light Laptop (8GB/512GB SSD/Windows 11/Office 2021/1Yr ADP Free/3months Game Pass/Arctic Grey/1.63Kg), 82RK00VTIN","34,790",4.0,"Lenovo IdeaPad Slim 3 Intel Core i3 12th Gen 15.6"" (39.62cm) FHD Thin & Light Laptop (8GB/512GB SSD/Windows 11/Office 2021/1Yr ADP Free/3months Game Pass/Arctic Grey/1.63Kg), 82RK00VTIN  4.0 out of 5 stars 284  ₹34,790₹34,790 M.R.P: ₹58,390₹58,390 (40% off)Save extra with No Cost EMIService: Device SetupAdd to cart-Remove",https://www.amazon.in/Lenovo-IdeaPad-39-62cm-Warranty-82RK006DIN/dp/B0B4JPC8GT/ref=sr_1_18?dib=eyJ2IjoiMSJ9.pfQKLxx5fRSjcoGExZQg5OqnqKdKm-sUEV5BacIdcBzsHTA4QF4qBrso8u6StR9EsseMACoVT60d2RtLE-SKzJrdNDyKjK_fZpoGnGZc7r7o8N9OwbHpskqzjUCfWKQWyVJ6FJpxKLz9tRP2LO7ABKWmCf96umvg3KBD8Ec36CHatJ02RgtSxUYcdaadtk471sVIeGxCqsjM_9ZRdCQYFG1m6ZyKtGRj38b1xSyE9NE.E1STvG2ho2-DqYC1AeQae7B_yg2v4_GXZMP6jLSzh_E&dib_tag=se&keywords=laptop&qid=1718868870&sr=8-18
"HP Laptop 15s, 12th Gen Intel Core i3, 15.6-inch (39.6 cm), 8GB DDR4, 512GB SSD, Thin & light, Dual speakers (Win 11, MSO 2021, Silver, 1.69 kg), fq5007TU / FQ5327TU","38,990",4.0,"HP Laptop 15s, 12th Gen Intel Core i3, 15.6-inch (39.6 cm), 8GB DDR4, 512GB SSD, Thin & light, Dual speakers (Win 11, MSO 2021, Silver, 1.69 kg), fq5007TU / FQ5327TU  4.0 out of 5 stars 963  300+ bought in past month₹38,990₹38,990 M.R.P: ₹51,134₹51,134 (24% off)Save extra with No Cost EMIService: Device SetupAdd to cart-Remove",https://www.amazon.in/HP-i3-1215U-15-6-inch-Graphics-Speakers/dp/B0BP2M7CCS/ref=sr_1_19?dib=eyJ2IjoiMSJ9.pfQKLxx5fRSjcoGExZQg5OqnqKdKm-sUEV5BacIdcBzsHTA4QF4qBrso8u6StR9EsseMACoVT60d2RtLE-SKzJrdNDyKjK_fZpoGnGZc7r7o8N9OwbHpskqzjUCfWKQWyVJ6FJpxKLz9tRP2LO7ABKWmCf96umvg3KBD8Ec36CHatJ02RgtSxUYcdaadtk471sVIeGxCqsjM_9ZRdCQYFG1m6ZyKtGRj38b1xSyE9NE.E1STvG2ho2-DqYC1AeQae7B_yg2v4_GXZMP6jLSzh_E&dib_tag=se&keywords=laptop&qid=1718868870&sr=8-19
"Acer One 14 Business Laptop AMD Ryzen 3 3250U Processor (8GB RAM/256GB SSD/AMD Radeon Graphics/Windows 11 Home) Z2-493 with 35.56 cm (14.0"") HD Display","24,990",3.8,"Acer One 14 Business Laptop AMD Ryzen 3 3250U Processor (8GB RAM/256GB SSD/AMD Radeon Graphics/Windows 11 Home) Z2-493 with 35.56 cm (14.0"") HD Display  3.8 out of 5 stars 382  50+ bought in past monthLimited time deal  ₹24,990₹24,990 M.R.P: ₹43,999₹43,999 (43% off)Upto 10% Off on select cardsService: Device SetupAdd to cart-Remove",https://www.amazon.in/Acer-Business-Processor-Graphics-Z2-493/dp/B0B42QJMJP/ref=sr_1_20?dib=eyJ2IjoiMSJ9.pfQKLxx5fRSjcoGExZQg5OqnqKdKm-sUEV5BacIdcBzsHTA4QF4qBrso8u6StR9EsseMACoVT60d2RtLE-SKzJrdNDyKjK_fZpoGnGZc7r7o8N9OwbHpskqzjUCfWKQWyVJ6FJpxKLz9tRP2LO7ABKWmCf96umvg3KBD8Ec36CHatJ02RgtSxUYcdaadtk471sVIeGxCqsjM_9ZRdCQYFG1m6ZyKtGRj38b1xSyE9NE.E1STvG2ho2-DqYC1AeQae7B_yg2v4_GXZMP6jLSzh_E&dib_tag=se&keywords=laptop&qid=1718868870&sr=8-20
"Apple 2023 MacBook Pro Laptop M2 Max chip with 12‑core CPU and 38‑core GPU: 33.74 cm (16.2-inch), 32GB Unified Memory, 1TB SSD Storage. Works with iPhone/iPad; Space Grey","3,49,900",3.7,"SponsoredSponsored You are seeing this ad based on the product’s relevance to your search query.Let us know  Apple 2023 MacBook Pro Laptop M2 Max chip with 12‑core CPU and 38‑core GPU: 33.74 cm (16.2-inch), 32GB Unified Memory, 1TB SSD Storage. Works with iPhone/iPad; Space Grey  3.7 out of 5 stars 6  ₹3,49,900₹3,49,900Flat INR 5000 Off on SBI Credit CardsOnly 1 left in stock.Add to cart-Remove",https://www.amazon.in/sspa/click?ie=UTF8&spc=MTo0NTMzOTQ2NTQzNTExNzE6MTcxODg2ODg3MTpzcF9idGY6MjAxMTQxOTgyNTQ5OTg6OjA6Og&url=%2FApple-MacBook-Laptop-12%25E2%2580%2591core-38%25E2%2580%2591core%2Fdp%2FB0BSHVCXN9%2Fref%3Dsr_1_21_sspa%3Fdib%3DeyJ2IjoiMSJ9.pfQKLxx5fRSjcoGExZQg5OqnqKdKm-sUEV5BacIdcBzsHTA4QF4qBrso8u6StR9EsseMACoVT60d2RtLE-SKzJrdNDyKjK_fZpoGnGZc7r7o8N9OwbHpskqzjUCfWKQWyVJ6FJpxKLz9tRP2LO7ABKWmCf96umvg3KBD8Ec36CHatJ02RgtSxUYcdaadtk471sVIeGxCqsjM_9ZRdCQYFG1m6ZyKtGRj38b1xSyE9NE.E1STvG2ho2-DqYC1AeQae7B_yg2v4_GXZMP6jLSzh_E%26dib_tag%3Dse%26keywords%3Dlaptop%26qid%3D1718868870%26sr%3D8-21-spons%26sp_csd%3Dd2lkZ2V0TmFtZT1zcF9idGY%26psc%3D1
"Samsung Galaxy Book3 Core i5 13th Gen 1335U - (16 GB/512 GB SSD/Windows 11 Home) Galaxy Book3 Thin and Light Laptop (15.6 Inch, Silver, 1.58 Kg, with MS Office)","61,690",4.0,"SponsoredSponsored You are seeing this ad based on the product’s relevance to your search query.Let us know  Samsung Galaxy Book3 Core i5 13th Gen 1335U - (16 GB/512 GB SSD/Windows 11 Home) Galaxy Book3 Thin and Light Laptop (15.6 Inch, Silver, 1.58 Kg, with MS Office)  4.0 out of 5 stars 118  ₹61,690₹61,690 M.R.P: ₹1,07,990₹1,07,990 (43% off)Save extra with No Cost EMIService: Device SetupAdd to cart-Remove+1 colors/patterns",https://www.amazon.in/sspa/click?ie=UTF8&spc=MTo0NTMzOTQ2NTQzNTExNzE6MTcxODg2ODg3MTpzcF9idGY6MzAwMTY2OTQxNTA3MjMyOjowOjo&url=%2FSamsung-NP750XFG-KB2IN-Galaxy-Book3%2Fdp%2FB0BVW7RJ5X%2Fref%3Dsr_1_22_sspa%3Fdib%3DeyJ2IjoiMSJ9.pfQKLxx5fRSjcoGExZQg5OqnqKdKm-sUEV5BacIdcBzsHTA4QF4qBrso8u6StR9EsseMACoVT60d2RtLE-SKzJrdNDyKjK_fZpoGnGZc7r7o8N9OwbHpskqzjUCfWKQWyVJ6FJpxKLz9tRP2LO7ABKWmCf96umvg3KBD8Ec36CHatJ02RgtSxUYcdaadtk471sVIeGxCqsjM_9ZRdCQYFG1m6ZyKtGRj38b1xSyE9NE.E1STvG2ho2-DqYC1AeQae7B_yg2v4_GXZMP6jLSzh_E%26dib_tag%3Dse%26keywords%3Dlaptop%26qid%3D1718868870%26sr%3D8-22-spons%26sp_csd%3Dd2lkZ2V0TmFtZT1zcF9idGY%26psc%3D1
"Robustrion Cover for iPad 10th Generation Cover Case, Armor Cover for iPad 10th Generation/iPad 10th Gen with [Pencil Holder] [Handle] [Shoulder Strap] - Rainbow Red","1,599",3.9,"Sponsored Robustrion Cover for iPad 10th Generation Cover Case, Armor Cover for iPad 10th Generation/iPad 10th Gen with [Pencil Holder] [Handle] [Shoulder Strap] - Rainbow Red  3.9 out of 5 stars 19  Limited time deal  ₹1,599₹1,599 M.R.P: ₹3,999₹3,999 (60% off)",https://www.amazon.inhttps://aax-eu.amazon.in/x/c/REhi1p1K4-OOBtV3OkhRMvIAAAGQNJGHzgMAAAH2AQBvbm9fdHhuX2JpZDEgICBvbm9fdHhuX2ltcDEgICADgivn/https://www.amazon.in/dp/B0BTGRZHRM?pd_rd_i=B0BTGRZHRM&pf_rd_p=4c4db269-2cbe-48b8-89a5-de8fb92d5807&pf_rd_r=8D2X7MKJXHSHE4ZH438X&pd_rd_wg=ushHp&pd_rd_w=MJ6vI&pd_rd_r=010c37d2-9717-4523-9bd5-dff58a56bf42
N/A,N/A,N/A,N/A,https://www.amazon.in/s/?k=laptop+hp&ref=sugsr_0&pd_rd_w=X68Fc&content-id=amzn1.sym.5e455782-2b09-4126-83e3-a9dbac6d07bb:amzn1.sym.5e455782-2b09-4126-83e3-a9dbac6d07bb&pf_rd_p=5e455782-2b09-4126-83e3-a9dbac6d07bb&pf_rd_r=8D2X7MKJXHSHE4ZH438X&pd_rd_wg=ushHp&pd_rd_r=010c37d2-9717-4523-9bd5-dff58a56bf42&qid=1718868870
N/A,N/A,N/A,N/A,N/A
N/A,N/A,N/A,N/A,https://www.amazon.inhttps://aax-eu.amazon.in/x/c/RL-zuqV-AYUPbuYk3oKOQEEAAAGQNJGIYAMAAAH2AQBvbm9fdHhuX2JpZDIgICBvbm9fdHhuX2ltcDEgICAS0RW7/https://www.amazon.in/stores/page/7EADD116-0941-4C15-A480-94AF6FFF3B43/?_encoding=UTF8&store_ref=SB_A06808443K9KR8VS450F1-A08014543B27SJYFNXNJZ&pd_rd_plhdr=t&aaxitk=41a6a6da87dbb84c071b261279f78701&hsa_cr_id=0&lp_asins=B0B3BQ11LP%2CB0B3BS9BRW&lp_query=laptop&lp_slot=desktop-hsa-3psl&ref_=sbx_be_s_3psl_mbd_mb0_bkgd&pd_rd_w=lPN8s&content-id=amzn1.sym.f1a4d09d-a292-48da-a86f-03294c9a41ef%3Aamzn1.sym.f1a4d09d-a292-48da-a86f-03294c9a41ef&pf_rd_p=f1a4d09d-a292-48da-a86f-03294c9a41ef&pf_rd_r=8D2X7MKJXHSHE4ZH438X&pd_rd_wg=jEQJq&pd_rd_r=5f2124c8-f7cb-4436-a2da-94f545e13bf9
N/A,N/A,N/A,N/A,https://www.amazon.in/gp/help/customer/display.html?nodeId=201889520
N/A,N/A,N/A,N/A,N/A
N/A,N/A,N/A,N/A,https://www.amazon.inhttps://aax-eu.amazon.in/x/c/RMNSD-47cKOlqvCqdC6IUJ0AAAGQNJGWNgMAAAH2AQBvbm9fdHhuX2JpZDEgICBvbm9fdHhuX2ltcDEgICBfR_ij/https://www.amazon.in/stores/page/FBD981ED-4D73-4F0E-8FB6-F5C9A5369DF5/?_encoding=UTF8&pd_rd_plhdr=t&ref_=sbx_be_s_sparkle_ssd&qid=1718868874&store_ref=SBV_A01912771VA5A4MDWD4EC-A10011081FXQXS6W221H8&lp_asins=B0CCQQHPX8&pd_rd_w=h0APK&content-id=amzn1.sym.bc0e77cc-908d-4121-87d3-b355b997dda7%3Aamzn1.sym.bc0e77cc-908d-4121-87d3-b355b997dda7&pf_rd_p=bc0e77cc-908d-4121-87d3-b355b997dda7&pf_rd_r=5GDEC9YZNXV98J7Z7AED&pd_rd_wg=DU23G&pd_rd_r=63331f45-b36a-42bd-a98b-1b7dd45a3c97
N/A,N/A,N/A,N/A,N/A
"Apple 2023 MacBook Pro (14-inch, M3 chip with 8‑core CPU and 10‑core GPU, 8GB Unified Memory, 512GB) - Space Grey","1,59,790",4.5,"SponsoredSponsored You are seeing this ad based on the product’s relevance to your search query.Let us know  Apple 2023 MacBook Pro (14-inch, M3 chip with 8‑core CPU and 10‑core GPU, 8GB Unified Memory, 512GB) - Space Grey  4.5 out of 5 stars 22  ₹1,59,790₹1,59,790 M.R.P: ₹1,69,900₹1,69,900 (6% off)Flat INR 5000 Off on SBI Credit CardsFREE deliveryAdd to cart-Remove+2 colors/patterns",https://www.amazon.in/sspa/click?ie=UTF8&spc=MTozODEwMTYyNDcwMzY5MTcxOjE3MTg4Njg4NzQ6c3BfYXRmX25leHQ6MzAwMDg1NDAzMjE4NDMyOjowOjo&url=%2FApple-MacBook-14-inch-10%25E2%2580%2591core-Unified%2Fdp%2FB0CM5NR4SW%2Fref%3Dsr_1_17_sspa%3Fdib%3DeyJ2IjoiMSJ9.tSpVFtlyoPJSZHK29zcDoTf6m56FYfLXVfrLPEzy80_LmKYJtkcMqbhVJ11dPrdcWDPMNRoPIvmF_mHch62qRfS7u_hrERvyFQyi1AW6p1LKXqE9Bi3M2eFkN45ynG9SaZa7BMilnT2EPe2kOr3Xq184Pe5q63tMDvsSW1TZmuhtjEjk2GHIez-l0Qg0zY4R3WCb2dWV1KeBa1xRqb39Aed29Q6BrSkbUs0JAaI13pU.GMdHS3F7YOls-aSUIInRzVJkJsCc9Bd7pmYUxj44iL4%26dib_tag%3Dse%26keywords%3Dlaptop%26qid%3D1718868874%26sr%3D8-17-spons%26sp_csd%3Dd2lkZ2V0TmFtZT1zcF9hdGZfbmV4dA%26psc%3D1
"Acer Aspire Lite AMD Ryzen 5 5500U Premium Thin and Light Laptop (16 GB RAM/512 GB SSD/Windows 11 Home) AL15-41, 39.62 cm (15.6"") Full HD Display, Metal Body, Steel Gray, 1.59 KG","36,990",3.9,"SponsoredSponsored You are seeing this ad based on the product’s relevance to your search query.Let us know  Acer Aspire Lite AMD Ryzen 5 5500U Premium Thin and Light Laptop (16 GB RAM/512 GB SSD/Windows 11 Home) AL15-41, 39.62 cm (15.6"") Full HD Display, Metal Body, Steel Gray, 1.59 KG  3.9 out of 5 stars 396  500+ bought in past monthLimited time deal  ₹36,990₹36,990 M.R.P: ₹59,990₹59,990 (38% off)Flat INR 1000 Off on HDFC Bank Credit Card FREE delivery Sat, 22 Jun Or fastest delivery Tomorrow, 21 Jun Service: Device SetupAdd to cart-Remove",https://www.amazon.in/sspa/click?ie=UTF8&spc=MTozODEwMTYyNDcwMzY5MTcxOjE3MTg4Njg4NzQ6c3BfYXRmX25leHQ6MzAwMTU5OTc1NTMwODMyOjowOjo&url=%2FAcer-Premium-Windows-AL15-41-Display%2Fdp%2FB0CB7S1RTX%2Fref%3Dsr_1_18_sspa%3Fdib%3DeyJ2IjoiMSJ9.tSpVFtlyoPJSZHK29zcDoTf6m56FYfLXVfrLPEzy80_LmKYJtkcMqbhVJ11dPrdcWDPMNRoPIvmF_mHch62qRfS7u_hrERvyFQyi1AW6p1LKXqE9Bi3M2eFkN45ynG9SaZa7BMilnT2EPe2kOr3Xq184Pe5q63tMDvsSW1TZmuhtjEjk2GHIez-l0Qg0zY4R3WCb2dWV1KeBa1xRqb39Aed29Q6BrSkbUs0JAaI13pU.GMdHS3F7YOls-aSUIInRzVJkJsCc9Bd7pmYUxj44iL4%26dib_tag%3Dse%26keywords%3Dlaptop%26qid%3D1718868874%26sr%3D8-18-spons%26sp_csd%3Dd2lkZ2V0TmFtZT1zcF9hdGZfbmV4dA%26psc%3D1
"Dell 15 Thin & Light Laptop, Intel Core 13th Generation i5-1334U Processor, 16GB DDR4 & 512GB SSD, 15.6"" (39.62cm) FHD 120Hz 250 nits, Win 11 + MSO'21 + 15 Month Mcafee, Carbon Black, 1.66kg","56,500",3.8,"Dell 15 Thin & Light Laptop, Intel Core 13th Generation i5-1334U Processor, 16GB DDR4 & 512GB SSD, 15.6"" (39.62cm) FHD 120Hz 250 nits, Win 11 + MSO'21 + 15 Month Mcafee, Carbon Black, 1.66kg  3.8 out of 5 stars 673  50+ bought in past month₹56,500₹56,500 M.R.P: ₹69,027₹69,027 (18% off)Upto 10% Off on select cards FREE delivery Sat, 22 Jun Or fastest delivery Tomorrow, 21 Jun Service: Device SetupAdd to cart-RemoveMore Buying Choices₹56,400(2 new offers)",https://www.amazon.in/Dell-Generation-i5-1334U-Processor-39-62cm/dp/B0D46QQHW6/ref=sr_1_19?dib=eyJ2IjoiMSJ9.tSpVFtlyoPJSZHK29zcDoTf6m56FYfLXVfrLPEzy80_LmKYJtkcMqbhVJ11dPrdcWDPMNRoPIvmF_mHch62qRfS7u_hrERvyFQyi1AW6p1LKXqE9Bi3M2eFkN45ynG9SaZa7BMilnT2EPe2kOr3Xq184Pe5q63tMDvsSW1TZmuhtjEjk2GHIez-l0Qg0zY4R3WCb2dWV1KeBa1xRqb39Aed29Q6BrSkbUs0JAaI13pU.GMdHS3F7YOls-aSUIInRzVJkJsCc9Bd7pmYUxj44iL4&dib_tag=se&keywords=laptop&qid=1718868874&sr=8-19
"HP Laptop 15, 13th Gen Intel Core i3-1315U, 15.6-inch (39.6 cm), FHD, 8GB DDR4, 512GB SSD, Thin & light, Intel Iris Xᵉ graphics, Dual speakers (Win 11, MSO 2021, Silver, 1.59 kg), fd0006TU","40,980",4.1,"HP Laptop 15, 13th Gen Intel Core i3-1315U, 15.6-inch (39.6 cm), FHD, 8GB DDR4, 512GB SSD, Thin & light, Intel Iris Xᵉ graphics, Dual speakers (Win 11, MSO 2021, Silver, 1.59 kg), fd0006TU  4.1 out of 5 stars 1,901  Limited time deal  ₹40,980₹40,980 M.R.P: ₹52,273₹52,273 (22% off)Save extra with No Cost EMI FREE delivery Sat, 22 Jun Or fastest delivery Tomorrow, 21 Jun Service: Device SetupAdd to cart-Remove",https://www.amazon.in/HP-i3-1315U-15-6-inch-Graphics-Speakers/dp/B0C3RF3HT3/ref=sr_1_20?dib=eyJ2IjoiMSJ9.tSpVFtlyoPJSZHK29zcDoTf6m56FYfLXVfrLPEzy80_LmKYJtkcMqbhVJ11dPrdcWDPMNRoPIvmF_mHch62qRfS7u_hrERvyFQyi1AW6p1LKXqE9Bi3M2eFkN45ynG9SaZa7BMilnT2EPe2kOr3Xq184Pe5q63tMDvsSW1TZmuhtjEjk2GHIez-l0Qg0zY4R3WCb2dWV1KeBa1xRqb39Aed29Q6BrSkbUs0JAaI13pU.GMdHS3F7YOls-aSUIInRzVJkJsCc9Bd7pmYUxj44iL4&dib_tag=se&keywords=laptop&qid=1718868874&sr=8-20
"Lenovo ThinkBook 15 G5 Ryzen 5 15.6"" FHD Antiglare 250 Nits Thin and Light Laptop (8GB RAM/512GB SSD/Win 11 Home/Fingerprint Reader/Backlit/Mineral Grey/1 Year Onsite/1.7 kg), 21JF002PIN","38,990",4.2,"Lenovo ThinkBook 15 G5 Ryzen 5 15.6"" FHD Antiglare 250 Nits Thin and Light Laptop (8GB RAM/512GB SSD/Win 11 Home/Fingerprint Reader/Backlit/Mineral Grey/1 Year Onsite/1.7 kg), 21JF002PIN  4.2 out of 5 stars 107  50+ bought in past month₹38,990₹38,990 M.R.P: ₹72,000₹72,000 (46% off)Save extra with No Cost EMI FREE delivery Sat, 22 Jun Service: Device SetupAdd to cart-Remove",https://www.amazon.in/Lenovo-ThinkBook-Antiglare-Fingerprint-21JF002PIN/dp/B0CQRLD5BY/ref=sr_1_21?dib=eyJ2IjoiMSJ9.tSpVFtlyoPJSZHK29zcDoTf6m56FYfLXVfrLPEzy80_LmKYJtkcMqbhVJ11dPrdcWDPMNRoPIvmF_mHch62qRfS7u_hrERvyFQyi1AW6p1LKXqE9Bi3M2eFkN45ynG9SaZa7BMilnT2EPe2kOr3Xq184Pe5q63tMDvsSW1TZmuhtjEjk2GHIez-l0Qg0zY4R3WCb2dWV1KeBa1xRqb39Aed29Q6BrSkbUs0JAaI13pU.GMdHS3F7YOls-aSUIInRzVJkJsCc9Bd7pmYUxj44iL4&dib_tag=se&keywords=laptop&qid=1718868874&sr=8-21
N/A,N/A,N/A,N/A,https://www.amazon.inhttps://aax-eu.amazon.in/x/c/RG6whNYr_SUlCYj3m7z8MTIAAAGQNJGWLAMAAAH2AQBvbm9fdHhuX2JpZDEgICBvbm9fdHhuX2ltcDEgICBFQdt1/https://www.amazon.in/stores/page/CF11E01D-C14F-417B-8635-3550623FC9B2/?_encoding=UTF8&pd_rd_plhdr=t&pd_rd_i=B0CRKP9ZML&ref_=sbx_be_s_sparkle_ssd&store_ref=SBV_A0623478UTLS1Y1HDEAU-A06243542QV8V20YC0PHD&lp_asins=B0CRKP9ZML&pd_rd_w=qZcUY&content-id=amzn1.sym.5d09c8a2-f1e7-4a05-a8df-0e7281b994c8%3Aamzn1.sym.5d09c8a2-f1e7-4a05-a8df-0e7281b994c8&pf_rd_p=5d09c8a2-f1e7-4a05-a8df-0e7281b994c8&pf_rd_r=5GDEC9YZNXV98J7Z7AED&pd_rd_wg=SvHyb&pd_rd_r=68aa5285-bd3f-4f44-8dfc-6e7e7cc196b5
N/A,N/A,N/A,N/A,N/A
"Lenovo LOQ 2024 12th Gen Intel Core i5-12450HX 15.6"" (39.6cm) 144Hz 300Nits FHD IPS Gaming Laptop (16GB/512GB SSD/Win 11/NVIDIA RTX 3050 6GB Graphics/100% sRGB/3 Mon. Game Pass/Grey/2.4Kg), 83GS003NIN","65,990",3.9,"Lenovo LOQ 2024 12th Gen Intel Core i5-12450HX 15.6"" (39.6cm) 144Hz 300Nits FHD IPS Gaming Laptop (16GB/512GB SSD/Win 11/NVIDIA RTX 3050 6GB Graphics/100% sRGB/3 Mon. Game Pass/Grey/2.4Kg), 83GS003NIN  3.9 out of 5 stars 33  Limited time deal  ₹65,990₹65,990 M.R.P: ₹93,290₹93,290 (29% off)Upto 10% Off on select cards FREE delivery Sat, 22 Jun Or fastest delivery Tomorrow, 21 Jun Service: Device SetupAdd to cart-Remove",https://www.amazon.in/Lenovo-i5-12450HX-300Nits-Graphics-83GS003NIN/dp/B0D49RN3X6/ref=sr_1_22?dib=eyJ2IjoiMSJ9.tSpVFtlyoPJSZHK29zcDoTf6m56FYfLXVfrLPEzy80_LmKYJtkcMqbhVJ11dPrdcWDPMNRoPIvmF_mHch62qRfS7u_hrERvyFQyi1AW6p1LKXqE9Bi3M2eFkN45ynG9SaZa7BMilnT2EPe2kOr3Xq184Pe5q63tMDvsSW1TZmuhtjEjk2GHIez-l0Qg0zY4R3WCb2dWV1KeBa1xRqb39Aed29Q6BrSkbUs0JAaI13pU.GMdHS3F7YOls-aSUIInRzVJkJsCc9Bd7pmYUxj44iL4&dib_tag=se&keywords=laptop&qid=1718868874&sr=8-22
"HP 15s, Ryzen 5-5500U, 16GB RAM/512GB SSD 15.6-inches(39.6 cm) FHD, Micro-Edge, Anti-Glare Laptop/Alexa Built-in/Windows 11 /AMD Radeon Graphics/Dual Speakers/MS Office 2021/1.69 Kg, 15s-eq2182AU","42,700",4.1,"HP 15s, Ryzen 5-5500U, 16GB RAM/512GB SSD 15.6-inches(39.6 cm) FHD, Micro-Edge, Anti-Glare Laptop/Alexa Built-in/Windows 11 /AMD Radeon Graphics/Dual Speakers/MS Office 2021/1.69 Kg, 15s-eq2182AU  4.1 out of 5 stars 2,748  300+ bought in past month₹42,700₹42,700 M.R.P: ₹52,055₹52,055 (18% off)Upto 10% Off on select cards FREE delivery Tue, 25 Jun   Alexa Built-in Alexa Built-inAlexa Built-in devices let you talk directly to Alexa, allowing you to play music, control your Smart Home, get news, weather and more using your voice. Service: Device SetupAdd to cart-Remove",https://www.amazon.in/HP-15-6-inches-Micro-Edge-Anti-Glare-15s-eq2182AU/dp/B0B4N77Y34/ref=sr_1_23?dib=eyJ2IjoiMSJ9.tSpVFtlyoPJSZHK29zcDoTf6m56FYfLXVfrLPEzy80_LmKYJtkcMqbhVJ11dPrdcWDPMNRoPIvmF_mHch62qRfS7u_hrERvyFQyi1AW6p1LKXqE9Bi3M2eFkN45ynG9SaZa7BMilnT2EPe2kOr3Xq184Pe5q63tMDvsSW1TZmuhtjEjk2GHIez-l0Qg0zY4R3WCb2dWV1KeBa1xRqb39Aed29Q6BrSkbUs0JAaI13pU.GMdHS3F7YOls-aSUIInRzVJkJsCc9Bd7pmYUxj44iL4&dib_tag=se&keywords=laptop&qid=1718868874&sr=8-23
"[Smart Choice] Lenovo IdeaPad Gaming 3 Laptop AMD Ryzen 5 5500H 15.6"" (39.62cm) FHD IPS 300nits 144Hz (8GB/512GB SSD/Win 11/NVIDIA RTX 2050 4GB/Alexa/3 Month Game Pass/Shadow Black/2.32Kg), 82K20289IN","45,990",4.1,"[Smart Choice] Lenovo IdeaPad Gaming 3 Laptop AMD Ryzen 5 5500H 15.6"" (39.62cm) FHD IPS 300nits 144Hz (8GB/512GB SSD/Win 11/NVIDIA RTX 2050 4GB/Alexa/3 Month Game Pass/Shadow Black/2.32Kg), 82K20289IN  4.1 out of 5 stars 484  400+ bought in past month₹45,990₹45,990 M.R.P: ₹77,990₹77,990 (41% off)Save extra with No Cost EMI FREE delivery Sat, 22 Jun Or fastest delivery Tomorrow, 21 Jun Service: Device SetupAdd to cart-Remove",https://www.amazon.in/Lenovo-IdeaPad-39-62cm-300nits-82K20289IN/dp/B0CL5L59Z9/ref=sr_1_24?dib=eyJ2IjoiMSJ9.tSpVFtlyoPJSZHK29zcDoTf6m56FYfLXVfrLPEzy80_LmKYJtkcMqbhVJ11dPrdcWDPMNRoPIvmF_mHch62qRfS7u_hrERvyFQyi1AW6p1LKXqE9Bi3M2eFkN45ynG9SaZa7BMilnT2EPe2kOr3Xq184Pe5q63tMDvsSW1TZmuhtjEjk2GHIez-l0Qg0zY4R3WCb2dWV1KeBa1xRqb39Aed29Q6BrSkbUs0JAaI13pU.GMdHS3F7YOls-aSUIInRzVJkJsCc9Bd7pmYUxj44iL4&dib_tag=se&keywords=laptop&qid=1718868874&sr=8-24
"ASUS Creator Series Vivobook 14X OLED 2023, Intel Core i5-12450H 12th Gen, 14.0-inch 90Hz, Creator/Gaming Laptop (16GB/512GB SSD/RTX 2050/Win11/FP/63WHr/Silver/1.40 kg),K3405ZFB-KM542WS","59,990",3.7,"ASUS Creator Series Vivobook 14X OLED 2023, Intel Core i5-12450H 12th Gen, 14.0-inch 90Hz, Creator/Gaming Laptop (16GB/512GB SSD/RTX 2050/Win11/FP/63WHr/Silver/1.40 kg),K3405ZFB-KM542WS  3.7 out of 5 stars 57  Limited time deal  ₹59,990₹59,990 M.R.P: ₹1,03,990₹1,03,990 (42% off)Upto 10% Off on select cards FREE delivery Sat, 22 Jun Or fastest delivery Tomorrow, 21 Jun Service: Device SetupAdd to cart-Remove",https://www.amazon.in/ASUS-Vivobook-i5-12450H-14-0-inch-K3405ZFB-KM542WS/dp/B0C37DYM4P/ref=sr_1_25?dib=eyJ2IjoiMSJ9.tSpVFtlyoPJSZHK29zcDoTf6m56FYfLXVfrLPEzy80_LmKYJtkcMqbhVJ11dPrdcWDPMNRoPIvmF_mHch62qRfS7u_hrERvyFQyi1AW6p1LKXqE9Bi3M2eFkN45ynG9SaZa7BMilnT2EPe2kOr3Xq184Pe5q63tMDvsSW1TZmuhtjEjk2GHIez-l0Qg0zY4R3WCb2dWV1KeBa1xRqb39Aed29Q6BrSkbUs0JAaI13pU.GMdHS3F7YOls-aSUIInRzVJkJsCc9Bd7pmYUxj44iL4&dib_tag=se&keywords=laptop&qid=1718868874&sr=8-25
"HP Laptop 15s, AMD Ryzen 3 5300U, 15.6-inch (39.6 cm), FHD, 8GB DDR4, 512GB SSD, AMD Radeon graphics, Thin & light, Dual speakers (Win 11, MSO 2021, Silver, 1.69 kg), eq2212AU","31,980",4.1,"HP Laptop 15s, AMD Ryzen 3 5300U, 15.6-inch (39.6 cm), FHD, 8GB DDR4, 512GB SSD, AMD Radeon graphics, Thin & light, Dual speakers (Win 11, MSO 2021, Silver, 1.69 kg), eq2212AU  4.1 out of 5 stars 2,748  100+ bought in past monthLimited time deal  ₹31,980₹31,980 M.R.P: ₹44,783₹44,783 (29% off)Save extra with No Cost EMI FREE delivery Sat, 22 Jun Or fastest delivery Tomorrow, 21 Jun Service: Device SetupAdd to cart-Remove",https://www.amazon.in/HP-Anti-Glare-Graphics-15s-eq2212AU/dp/B0BQN2HV46/ref=sr_1_26?dib=eyJ2IjoiMSJ9.tSpVFtlyoPJSZHK29zcDoTf6m56FYfLXVfrLPEzy80_LmKYJtkcMqbhVJ11dPrdcWDPMNRoPIvmF_mHch62qRfS7u_hrERvyFQyi1AW6p1LKXqE9Bi3M2eFkN45ynG9SaZa7BMilnT2EPe2kOr3Xq184Pe5q63tMDvsSW1TZmuhtjEjk2GHIez-l0Qg0zY4R3WCb2dWV1KeBa1xRqb39Aed29Q6BrSkbUs0JAaI13pU.GMdHS3F7YOls-aSUIInRzVJkJsCc9Bd7pmYUxj44iL4&dib_tag=se&keywords=laptop&qid=1718868874&sr=8-26
"Apple 2023 MacBook Pro (16-inch, M3 Max chip with 14‑core CPU and 30‑core GPU, 36GB Unified Memory, 1TB) - Space Black","3,34,990",3.2,"SponsoredSponsored You are seeing this ad based on the product’s relevance to your search query.Let us know  Apple 2023 MacBook Pro (16-inch, M3 Max chip with 14‑core CPU and 30‑core GPU, 36GB Unified Memory, 1TB) - Space Black  3.2 out of 5 stars 5  ₹3,34,990₹3,34,990 M.R.P: ₹3,49,900₹3,49,900 (4% off)Flat INR 5000 Off on SBI Credit Cards FREE delivery Sat, 22 Jun Or fastest delivery Tomorrow, 21 Jun Add to cart-Remove+1 colors/patterns",https://www.amazon.in/sspa/click?ie=UTF8&spc=MTozODEwMTYyNDcwMzY5MTcxOjE3MTg4Njg4NzQ6c3BfbXRmOjMwMDA4NTQwMzIxOTUzMjo6MDo6&url=%2FApple-MacBook-16-inch-14%25E2%2580%2591core-30%25E2%2580%2591core%2Fdp%2FB0CM5S7HF6%2Fref%3Dsr_1_27_sspa%3Fdib%3DeyJ2IjoiMSJ9.tSpVFtlyoPJSZHK29zcDoTf6m56FYfLXVfrLPEzy80_LmKYJtkcMqbhVJ11dPrdcWDPMNRoPIvmF_mHch62qRfS7u_hrERvyFQyi1AW6p1LKXqE9Bi3M2eFkN45ynG9SaZa7BMilnT2EPe2kOr3Xq184Pe5q63tMDvsSW1TZmuhtjEjk2GHIez-l0Qg0zY4R3WCb2dWV1KeBa1xRqb39Aed29Q6BrSkbUs0JAaI13pU.GMdHS3F7YOls-aSUIInRzVJkJsCc9Bd7pmYUxj44iL4%26dib_tag%3Dse%26keywords%3Dlaptop%26qid%3D1718868874%26sr%3D8-27-spons%26sp_csd%3Dd2lkZ2V0TmFtZT1zcF9tdGY%26psc%3D1
"ZEBRONICS PRO Series Z NBC 3S, Intel Core 12th Gen i3 Processor 8GB RAM & 512GB SSD Laptop, 15.6 Inch (39.6CM), IPS 180° Display, Dolby Atmos, 38.5Wh Large Battery, Windows 11, Midnight Blue,1.76 Kg","25,990",4.0,"SponsoredSponsored You are seeing this ad based on the product’s relevance to your search query.Let us know  ZEBRONICS PRO Series Z NBC 3S, Intel Core 12th Gen i3 Processor 8GB RAM & 512GB SSD Laptop, 15.6 Inch (39.6CM), IPS 180° Display, Dolby Atmos, 38.5Wh Large Battery, Windows 11, Midnight Blue,1.76 Kg  4.0 out of 5 stars 39  50+ bought in past monthLimited time deal  ₹25,990₹25,990 M.R.P: ₹50,999₹50,999 (49% off)Save extra with No Cost EMI FREE delivery Sat, 22 Jun Or fastest delivery Tomorrow, 21 Jun Add to cart-Remove",https://www.amazon.in/sspa/click?ie=UTF8&spc=MTozODEwMTYyNDcwMzY5MTcxOjE3MTg4Njg4NzQ6c3BfbXRmOjMwMDA2NzQxMDg4MDUzMjo6MDo6&url=%2FZEBRONICS-Processor-15-6-Inch-Display-Midnight%2Fdp%2FB0CJJ7YZMC%2Fref%3Dsr_1_28_sspa%3Fdib%3DeyJ2IjoiMSJ9.tSpVFtlyoPJSZHK29zcDoTf6m56FYfLXVfrLPEzy80_LmKYJtkcMqbhVJ11dPrdcWDPMNRoPIvmF_mHch62qRfS7u_hrERvyFQyi1AW6p1LKXqE9Bi3M2eFkN45ynG9SaZa7BMilnT2EPe2kOr3Xq184Pe5q63tMDvsSW1TZmuhtjEjk2GHIez-l0Qg0zY4R3WCb2dWV1KeBa1xRqb39Aed29Q6BrSkbUs0JAaI13pU.GMdHS3F7YOls-aSUIInRzVJkJsCc9Bd7pmYUxj44iL4%26dib_tag%3Dse%26keywords%3Dlaptop%26qid%3D1718868874%26sr%3D8-28-spons%26sp_csd%3Dd2lkZ2V0TmFtZT1zcF9tdGY%26psc%3D1
"Acer Aspire Lite AMD Ryzen 5 5500U Premium Thin and Light Laptop (16 GB RAM/512 GB SSD/Windows 11 Home) AL15-41, 39.62 cm (15.6"") Full HD Display, Metal Body, Steel Gray, 1.59 KG","36,990",3.9,"Acer Aspire Lite AMD Ryzen 5 5500U Premium Thin and Light Laptop (16 GB RAM/512 GB SSD/Windows 11 Home) AL15-41, 39.62 cm (15.6"") Full HD Display, Metal Body, Steel Gray, 1.59 KG  3.9 out of 5 stars 396  500+ bought in past monthLimited time deal  ₹36,990₹36,990 M.R.P: ₹59,990₹59,990 (38% off)Flat INR 1000 Off on HDFC Bank Credit Card FREE delivery Sat, 22 Jun Or fastest delivery Tomorrow, 21 Jun Service: Device SetupAdd to cart-Remove",https://www.amazon.in/Acer-Premium-Windows-AL15-41-Display/dp/B0CB7S1RTX/ref=sr_1_29?dib=eyJ2IjoiMSJ9.tSpVFtlyoPJSZHK29zcDoTf6m56FYfLXVfrLPEzy80_LmKYJtkcMqbhVJ11dPrdcWDPMNRoPIvmF_mHch62qRfS7u_hrERvyFQyi1AW6p1LKXqE9Bi3M2eFkN45ynG9SaZa7BMilnT2EPe2kOr3Xq184Pe5q63tMDvsSW1TZmuhtjEjk2GHIez-l0Qg0zY4R3WCb2dWV1KeBa1xRqb39Aed29Q6BrSkbUs0JAaI13pU.GMdHS3F7YOls-aSUIInRzVJkJsCc9Bd7pmYUxj44iL4&dib_tag=se&keywords=laptop&qid=1718868874&sr=8-29
"Acer Aspire Lite 12th Gen Intel Core i5-1235U Thin and Light Laptop (Windows 11 Home/16GB RAM/512GB SSD/Intel Iris Xe Graphics) AL15-52, 39.62cm (15.6"") Full HD Display, Metal Body, Steel Gray, 1.6 KG","45,990",3.8,"Acer Aspire Lite 12th Gen Intel Core i5-1235U Thin and Light Laptop (Windows 11 Home/16GB RAM/512GB SSD/Intel Iris Xe Graphics) AL15-52, 39.62cm (15.6"") Full HD Display, Metal Body, Steel Gray, 1.6 KG  3.8 out of 5 stars 412  ₹45,990₹45,990 M.R.P: ₹64,990₹64,990 (29% off)Flat INR 1000 Off on HDFC Bank Credit Card FREE delivery Sat, 22 Jun Or fastest delivery Tomorrow, 21 Jun Service: Device SetupAdd to cart-Remove",https://www.amazon.in/Acer-i5-1235U-Windows-Graphics-AL15-52/dp/B0CLTW4D7T/ref=sr_1_30?dib=eyJ2IjoiMSJ9.tSpVFtlyoPJSZHK29zcDoTf6m56FYfLXVfrLPEzy80_LmKYJtkcMqbhVJ11dPrdcWDPMNRoPIvmF_mHch62qRfS7u_hrERvyFQyi1AW6p1LKXqE9Bi3M2eFkN45ynG9SaZa7BMilnT2EPe2kOr3Xq184Pe5q63tMDvsSW1TZmuhtjEjk2GHIez-l0Qg0zY4R3WCb2dWV1KeBa1xRqb39Aed29Q6BrSkbUs0JAaI13pU.GMdHS3F7YOls-aSUIInRzVJkJsCc9Bd7pmYUxj44iL4&dib_tag=se&keywords=laptop&qid=1718868874&sr=8-30
"ZEBRONICS PRO Series Z NBC 4S, Intel Core 12th Gen i5 Processor 16GB RAM & 512GB SSD Laptop, 15.6 Inch (39.6CM), IPS 180° Display, Dolby Atmos, 38.5Wh Large Battery, Windows 11, Midnight Blue,1.76 Kg","32,990",3.6,"ZEBRONICS PRO Series Z NBC 4S, Intel Core 12th Gen i5 Processor 16GB RAM & 512GB SSD Laptop, 15.6 Inch (39.6CM), IPS 180° Display, Dolby Atmos, 38.5Wh Large Battery, Windows 11, Midnight Blue,1.76 Kg  3.6 out of 5 stars 82  50+ bought in past monthLimited time deal  ₹32,990₹32,990 M.R.P: ₹62,999₹62,999 (48% off)Save extra with No Cost EMI FREE delivery Sat, 22 Jun Or fastest delivery Tomorrow, 21 Jun Add to cart-Remove",https://www.amazon.in/ZEBRONICS-4S-16GB-Midnight-Blue/dp/B0CJ74TL53/ref=sr_1_31?dib=eyJ2IjoiMSJ9.tSpVFtlyoPJSZHK29zcDoTf6m56FYfLXVfrLPEzy80_LmKYJtkcMqbhVJ11dPrdcWDPMNRoPIvmF_mHch62qRfS7u_hrERvyFQyi1AW6p1LKXqE9Bi3M2eFkN45ynG9SaZa7BMilnT2EPe2kOr3Xq184Pe5q63tMDvsSW1TZmuhtjEjk2GHIez-l0Qg0zY4R3WCb2dWV1KeBa1xRqb39Aed29Q6BrSkbUs0JAaI13pU.GMdHS3F7YOls-aSUIInRzVJkJsCc9Bd7pmYUxj44iL4&dib_tag=se&keywords=laptop&qid=1718868874&sr=8-31
"AXL VayuBook Laptop 14.1 Inch FHD IPS Display (4GB Ram,128GB SSD) 1920 * 1080 Resolution | HD Gemini Lake N4020 | Windows 11 Home | UHD Graphics 600 | Space Grey","12,990",3.2,"AXL VayuBook Laptop 14.1 Inch FHD IPS Display (4GB Ram,128GB SSD) 1920 * 1080 Resolution | HD Gemini Lake N4020 | Windows 11 Home | UHD Graphics 600 | Space Grey  3.2 out of 5 stars 249  50+ bought in past monthLimited time deal  ₹12,990₹12,990 M.R.P: ₹31,990₹31,990 (59% off)Save extra with No Cost EMI FREE delivery Sat, 22 Jun Or fastest delivery Tomorrow, 21 Jun Add to cart-Remove",https://www.amazon.in/AXL-Launched-Display-Windows-Graphics/dp/B0BR57T851/ref=sr_1_32?dib=eyJ2IjoiMSJ9.tSpVFtlyoPJSZHK29zcDoTf6m56FYfLXVfrLPEzy80_LmKYJtkcMqbhVJ11dPrdcWDPMNRoPIvmF_mHch62qRfS7u_hrERvyFQyi1AW6p1LKXqE9Bi3M2eFkN45ynG9SaZa7BMilnT2EPe2kOr3Xq184Pe5q63tMDvsSW1TZmuhtjEjk2GHIez-l0Qg0zY4R3WCb2dWV1KeBa1xRqb39Aed29Q6BrSkbUs0JAaI13pU.GMdHS3F7YOls-aSUIInRzVJkJsCc9Bd7pmYUxj44iL4&dib_tag=se&keywords=laptop&qid=1718868874&sr=8-32
"Dell 14 Thin & Light Laptop, Intel 12th Gen Core i5-1235U Processor/8GB/512GB SSD/14.0"" (35.56cm) FHD Display/Intel UHD Graphics/Spill-Resistant Keyboard/Win 11 + MSO'21/Black/15 Month McAfee, 1.48kg","46,490",3.8,"Dell 14 Thin & Light Laptop, Intel 12th Gen Core i5-1235U Processor/8GB/512GB SSD/14.0"" (35.56cm) FHD Display/Intel UHD Graphics/Spill-Resistant Keyboard/Win 11 + MSO'21/Black/15 Month McAfee, 1.48kg  3.8 out of 5 stars 673  300+ bought in past month₹46,490₹46,490 M.R.P: ₹61,438₹61,438 (24% off)Save extra with No Cost EMI FREE delivery Sat, 22 Jun Or fastest delivery Tomorrow, 21 Jun Service: Device SetupAdd to cart-Remove",https://www.amazon.in/Dell-14-Rheinland-Certified-Comfortview/dp/B0BQJ7NMVM/ref=sr_1_33?dib=eyJ2IjoiMSJ9.tSpVFtlyoPJSZHK29zcDoTf6m56FYfLXVfrLPEzy80_LmKYJtkcMqbhVJ11dPrdcWDPMNRoPIvmF_mHch62qRfS7u_hrERvyFQyi1AW6p1LKXqE9Bi3M2eFkN45ynG9SaZa7BMilnT2EPe2kOr3Xq184Pe5q63tMDvsSW1TZmuhtjEjk2GHIez-l0Qg0zY4R3WCb2dWV1KeBa1xRqb39Aed29Q6BrSkbUs0JAaI13pU.GMdHS3F7YOls-aSUIInRzVJkJsCc9Bd7pmYUxj44iL4&dib_tag=se&keywords=laptop&qid=1718868874&sr=8-33
"HP [Windows 11 Home] 255 G8 Notebook, 15.6'' HD Display, AMD Athlon 3020e Processor, 8GB Memory, 256GB SSD, Wi-Fi, Bluetooth, Type-C Port, RJ-45 Port, Black","23,950",3.7,"HP [Windows 11 Home] 255 G8 Notebook, 15.6'' HD Display, AMD Athlon 3020e Processor, 8GB Memory, 256GB SSD, Wi-Fi, Bluetooth, Type-C Port, RJ-45 Port, Black  3.7 out of 5 stars 83  50+ bought in past month₹23,950₹23,950 M.R.P: ₹27,057₹27,057 (11% off)Save extra with No Cost EMI FREE delivery Tue, 25 Jun Service: Device SetupAdd to cart-Remove",https://www.amazon.in/HP-255-G8-Processor-Bluetooth/dp/B0B6LCJ3FD/ref=sr_1_34?dib=eyJ2IjoiMSJ9.tSpVFtlyoPJSZHK29zcDoTf6m56FYfLXVfrLPEzy80_LmKYJtkcMqbhVJ11dPrdcWDPMNRoPIvmF_mHch62qRfS7u_hrERvyFQyi1AW6p1LKXqE9Bi3M2eFkN45ynG9SaZa7BMilnT2EPe2kOr3Xq184Pe5q63tMDvsSW1TZmuhtjEjk2GHIez-l0Qg0zY4R3WCb2dWV1KeBa1xRqb39Aed29Q6BrSkbUs0JAaI13pU.GMdHS3F7YOls-aSUIInRzVJkJsCc9Bd7pmYUxj44iL4&dib_tag=se&keywords=laptop&qid=1718868874&sr=8-34
"HP OMEN Gaming Laptop, Intel Core i7-13700HX, 6GB RTX 3050 GPU, 16.1-inch (40.9 cm), 95W TGP, FHD, IPS, 165Hz, 300 nits, 16GB DDR5, 512GB SSD, RGB Backlit KB, B&O (MSO, Black, 2.32 kg), wf0179TX","89,990",4.0,"HP OMEN Gaming Laptop, Intel Core i7-13700HX, 6GB RTX 3050 GPU, 16.1-inch (40.9 cm), 95W TGP, FHD, IPS, 165Hz, 300 nits, 16GB DDR5, 512GB SSD, RGB Backlit KB, B&O (MSO, Black, 2.32 kg), wf0179TX  4.0 out of 5 stars 3  ₹89,990₹89,990 M.R.P: ₹1,27,811₹1,27,811 (30% off)Save extra with No Cost EMI FREE delivery Sat, 22 Jun Or fastest delivery Tomorrow, 21 Jun Service: Device SetupAdd to cart-Remove",https://www.amazon.in/HP-i7-13700HX-16-1-inch-Backlit-wf0179TX/dp/B0CTMCZ5L4/ref=sr_1_35?dib=eyJ2IjoiMSJ9.tSpVFtlyoPJSZHK29zcDoTf6m56FYfLXVfrLPEzy80_LmKYJtkcMqbhVJ11dPrdcWDPMNRoPIvmF_mHch62qRfS7u_hrERvyFQyi1AW6p1LKXqE9Bi3M2eFkN45ynG9SaZa7BMilnT2EPe2kOr3Xq184Pe5q63tMDvsSW1TZmuhtjEjk2GHIez-l0Qg0zY4R3WCb2dWV1KeBa1xRqb39Aed29Q6BrSkbUs0JAaI13pU.GMdHS3F7YOls-aSUIInRzVJkJsCc9Bd7pmYUxj44iL4&dib_tag=se&keywords=laptop&qid=1718868874&sr=8-35
"Lenovo IdeaPad 3 Intel Core i7 12th Gen 1255U - (16 GB/512 GB SSD/Windows 11 Home) 15IAU7 Laptop 82RK011GIN (39.62 cm, Arctic Grey, 1.63 Kg, with MS Office)","59,990",4.1,"Lenovo IdeaPad 3 Intel Core i7 12th Gen 1255U - (16 GB/512 GB SSD/Windows 11 Home) 15IAU7 Laptop 82RK011GIN (39.62 cm, Arctic Grey, 1.63 Kg, with MS Office)  4.1 out of 5 stars 509  Limited time deal  ₹59,990₹59,990 M.R.P: ₹82,990₹82,990 (28% off)Upto 10% Off on select cards FREE delivery Sat, 22 Jun Or fastest delivery Tomorrow, 21 Jun Service: Device SetupAdd to cart-Remove",https://www.amazon.in/Lenovo-IdeaPad-39-62cm-Windows-82RK011EIN/dp/B0CMGZCDRW/ref=sr_1_36?dib=eyJ2IjoiMSJ9.tSpVFtlyoPJSZHK29zcDoTf6m56FYfLXVfrLPEzy80_LmKYJtkcMqbhVJ11dPrdcWDPMNRoPIvmF_mHch62qRfS7u_hrERvyFQyi1AW6p1LKXqE9Bi3M2eFkN45ynG9SaZa7BMilnT2EPe2kOr3Xq184Pe5q63tMDvsSW1TZmuhtjEjk2GHIez-l0Qg0zY4R3WCb2dWV1KeBa1xRqb39Aed29Q6BrSkbUs0JAaI13pU.GMdHS3F7YOls-aSUIInRzVJkJsCc9Bd7pmYUxj44iL4&dib_tag=se&keywords=laptop&qid=1718868874&sr=8-36
"Dell 15 Thin & Light Laptop, Intel Core i5-1235U Processor/16GB DDR4/512GB SSD/Intel UHD Graphics/15.6"" (39.62cm) FHD Display/Win 11 + MSO'21/15 Month McAfee/Carbon Black/Spill-Resistant KB/1.69kg","52,490",3.7,"SponsoredSponsored You are seeing this ad based on the product’s relevance to your search query.Let us know  Dell 15 Thin & Light Laptop, Intel Core i5-1235U Processor/16GB DDR4/512GB SSD/Intel UHD Graphics/15.6"" (39.62cm) FHD Display/Win 11 + MSO'21/15 Month McAfee/Carbon Black/Spill-Resistant KB/1.69kg  3.7 out of 5 stars 77  200+ bought in past month₹52,490₹52,490 M.R.P: ₹67,457₹67,457 (22% off)Save extra with No Cost EMI FREE delivery Sat, 22 Jun Or fastest delivery Tomorrow, 21 Jun Service: Device SetupAdd to cart-Remove+1 colors/patterns",https://www.amazon.in/sspa/click?ie=UTF8&spc=MTozODEwMTYyNDcwMzY5MTcxOjE3MTg4Njg4NzQ6c3BfYnRmOjMwMDE5NzEyNzEyODEzMjo6MDo6&url=%2FDell-Vostro-Metal-i5-1235U-35-56Cms%2Fdp%2FB0BQJ7WR2R%2Fref%3Dsr_1_37_sspa%3Fdib%3DeyJ2IjoiMSJ9.tSpVFtlyoPJSZHK29zcDoTf6m56FYfLXVfrLPEzy80_LmKYJtkcMqbhVJ11dPrdcWDPMNRoPIvmF_mHch62qRfS7u_hrERvyFQyi1AW6p1LKXqE9Bi3M2eFkN45ynG9SaZa7BMilnT2EPe2kOr3Xq184Pe5q63tMDvsSW1TZmuhtjEjk2GHIez-l0Qg0zY4R3WCb2dWV1KeBa1xRqb39Aed29Q6BrSkbUs0JAaI13pU.GMdHS3F7YOls-aSUIInRzVJkJsCc9Bd7pmYUxj44iL4%26dib_tag%3Dse%26keywords%3Dlaptop%26qid%3D1718868874%26sr%3D8-37-spons%26sp_csd%3Dd2lkZ2V0TmFtZT1zcF9idGY%26psc%3D1
"Chuwi CoreBook X i5 14"" Laptop, 16GB RAM 512GB SSD, Windows 11, Intel Core i5-1035G1 (Upto 3.6GHz), WIFI 6, USB3.2, Backlit Keyboard, Webcam, Bluetooth 5.2, HDMI Port, 46.2 Wh, 1.4kg (Gray)","27,990",3.8,"SponsoredSponsored You are seeing this ad based on the product’s relevance to your search query.Let us know  Chuwi CoreBook X i5 14"" Laptop, 16GB RAM 512GB SSD, Windows 11, Intel Core i5-1035G1 (Upto 3.6GHz), WIFI 6, USB3.2, Backlit Keyboard, Webcam, Bluetooth 5.2, HDMI Port, 46.2 Wh, 1.4kg (Gray)  3.8 out of 5 stars 205  Limited time deal  ₹27,990₹27,990 M.R.P: ₹49,990₹49,990 (44% off)Save extra with No Cost EMI FREE delivery Sat, 22 Jun Or fastest delivery Tomorrow, 21 Jun Service: Device SetupAdd to cart-Remove",https://www.amazon.in/sspa/click?ie=UTF8&spc=MTozODEwMTYyNDcwMzY5MTcxOjE3MTg4Njg4NzQ6c3BfYnRmOjMwMDE1NjA1NjU4NzUzMjo6MDo6&url=%2FChuwi-CoreBook-i5-1035G1-Keyboard-Bluetooth%2Fdp%2FB0CNT6LD6W%2Fref%3Dsr_1_38_sspa%3Fdib%3DeyJ2IjoiMSJ9.tSpVFtlyoPJSZHK29zcDoTf6m56FYfLXVfrLPEzy80_LmKYJtkcMqbhVJ11dPrdcWDPMNRoPIvmF_mHch62qRfS7u_hrERvyFQyi1AW6p1LKXqE9Bi3M2eFkN45ynG9SaZa7BMilnT2EPe2kOr3Xq184Pe5q63tMDvsSW1TZmuhtjEjk2GHIez-l0Qg0zY4R3WCb2dWV1KeBa1xRqb39Aed29Q6BrSkbUs0JAaI13pU.GMdHS3F7YOls-aSUIInRzVJkJsCc9Bd7pmYUxj44iL4%26dib_tag%3Dse%26keywords%3Dlaptop%26qid%3D1718868874%26sr%3D8-38-spons%26sp_csd%3Dd2lkZ2V0TmFtZT1zcF9idGY%26psc%3D1
"Florican Portable Invisible Laptop Riser Stand | Mini Aluminum Cooling Pad, Lightweight Laptop Desk Stand for MacBook, Lenovo, Dell, HP & Other Laptops (Cool Silver)",205,4.3,"Sponsored Florican Portable Invisible Laptop Riser Stand | Mini Aluminum Cooling Pad, Lightweight Laptop Desk Stand for MacBook, Lenovo, Dell, HP & Other Laptops (Cool Silver)  4.3 out of 5 stars 1,291  1K+ bought in past month₹205₹205 M.R.P: ₹1,299₹1,299 (84% off) Get it by Tomorrow, 21 JuneFREE Delivery over ₹499. Fulfilled by Amazon",https://www.amazon.inhttps://aax-eu.amazon.in/x/c/RK9JmGZJmDMgAm3o-rp476sAAAGQNJGWLQMAAAH2AQBvbm9fdHhuX2JpZDEgICBvbm9fdHhuX2ltcDEgICDeHVjA/https://www.amazon.in/dp/B0BTRXNHB3?pd_rd_i=B0BTRXNHB3&pf_rd_p=0bf6e756-9083-4dd2-9106-62658b82306d&pf_rd_r=5GDEC9YZNXV98J7Z7AED&pd_rd_wg=eQLdb&pd_rd_w=Zd7xM&pd_rd_r=5ecc8f93-4a64-4dd0-8752-e3e3a5e7cb7f
N/A,N/A,N/A,N/A,https://www.amazon.in/s/?k=laptop+hp&ref=sugsr_0&pd_rd_w=mjHku&content-id=amzn1.sym.5e455782-2b09-4126-83e3-a9dbac6d07bb:amzn1.sym.5e455782-2b09-4126-83e3-a9dbac6d07bb&pf_rd_p=5e455782-2b09-4126-83e3-a9dbac6d07bb&pf_rd_r=5GDEC9YZNXV98J7Z7AED&pd_rd_wg=eQLdb&pd_rd_r=5ecc8f93-4a64-4dd0-8752-e3e3a5e7cb7f&qid=1718868874
N/A,N/A,N/A,N/A,N/A
N/A,N/A,N/A,N/A,https://www.amazon.inhttps://aax-eu.amazon.in/x/c/RM6qjqbIRr4PnTAE_e4U96cAAAGQNJGWfgMAAAH2AQBvbm9fdHhuX2JpZDIgICBvbm9fdHhuX2ltcDEgICB0_1Vt/https://www.amazon.in/stores/page/7EADD116-0941-4C15-A480-94AF6FFF3B43/?_encoding=UTF8&store_ref=SB_A06808443K9KR8VS450F1-A08014543B27SJYFNXNJZ&pd_rd_plhdr=t&aaxitk=41a6a6da87dbb84c071b261279f78701&hsa_cr_id=0&lp_asins=B0B3BQ11LP%2CB0B3BS9BRW&lp_query=laptop&lp_slot=desktop-hsa-3psl&ref_=sbx_be_s_3psl_mbd_mb0_bkgd&pd_rd_w=Xigku&content-id=amzn1.sym.f1a4d09d-a292-48da-a86f-03294c9a41ef%3Aamzn1.sym.f1a4d09d-a292-48da-a86f-03294c9a41ef&pf_rd_p=f1a4d09d-a292-48da-a86f-03294c9a41ef&pf_rd_r=5GDEC9YZNXV98J7Z7AED&pd_rd_wg=TS0K6&pd_rd_r=97b6361b-2f9a-4cf0-965e-8dc62d59959e
N/A,N/A,N/A,N/A,https://www.amazon.in/gp/help/customer/display.html?nodeId=201889520
N/A,N/A,N/A,N/A,N/A
N/A,N/A,N/A,N/A,https://www.amazon.inhttps://aax-eu.amazon.in/x/c/RNc12U-7pS9I_QB0IoN5C1EAAAGQNJGjdgMAAAH2AQBvbm9fdHhuX2JpZDMgICBvbm9fdHhuX2ltcDEgICBftaUD/https://www.amazon.in/stores/page/CF11E01D-C14F-417B-8635-3550623FC9B2/?_encoding=UTF8&pd_rd_plhdr=t&ref_=sbx_be_s_sparkle_ssd&qid=1718868878&store_ref=SBV_A0623478UTLS1Y1HDEAU-A02091532JRA9OQC6E8X7&lp_asins=B0CRKP9ZML&pd_rd_w=jehIV&content-id=amzn1.sym.bc0e77cc-908d-4121-87d3-b355b997dda7%3Aamzn1.sym.bc0e77cc-908d-4121-87d3-b355b997dda7&pf_rd_p=bc0e77cc-908d-4121-87d3-b355b997dda7&pf_rd_r=40FFZ34GE1HMYQZETSDY&pd_rd_wg=MqB86&pd_rd_r=9e1ceae8-6b72-4325-b705-a62eba446188
N/A,N/A,N/A,N/A,N/A
"ZEBRONICS PRO Series Z NBC 4S, Intel Core 12th Gen i5 Processor 16GB RAM & 512GB SSD Laptop, 15.6 Inch (39.6CM), IPS 180° Display, Dolby Atmos, 38.5Wh Large Battery, Windows 11, Midnight Blue,1.76 Kg","32,990",3.6,"SponsoredSponsored You are seeing this ad based on the product’s relevance to your search query.Let us know  ZEBRONICS PRO Series Z NBC 4S, Intel Core 12th Gen i5 Processor 16GB RAM & 512GB SSD Laptop, 15.6 Inch (39.6CM), IPS 180° Display, Dolby Atmos, 38.5Wh Large Battery, Windows 11, Midnight Blue,1.76 Kg  3.6 out of 5 stars 82  50+ bought in past monthLimited time deal  ₹32,990₹32,990 M.R.P: ₹62,999₹62,999 (48% off)Save extra with No Cost EMI FREE delivery Sat, 22 Jun Or fastest delivery Tomorrow, 21 Jun Add to cart-Remove",https://www.amazon.in/sspa/click?ie=UTF8&spc=MTo2MzAxMjM1ODU0NTI2MTcxOjE3MTg4Njg4Nzg6c3BfYXRmX25leHQ6MzAwMDY3NDEwODgxMTMyOjowOjo&url=%2FZEBRONICS-4S-16GB-Midnight-Blue%2Fdp%2FB0CJ74TL53%2Fref%3Dsr_1_33_sspa%3Fdib%3DeyJ2IjoiMSJ9.c6BTE0BIWyBDTT6O-aj8EC04s7sVHxatWTquGgK4Z6veTyNUF0VdS8YXCHsyfv_fPUyG11UZsSwCbwkRtCTKJ6FJmu9gvkLXXjBKHAi0i6SGAQU8M0tFC0k5uj9YADYfvsGxNEerGaeXufsfsDRvRYjVZk_pGCvv2Yi_b4xgJaD9Bce_UVqeW4wMrgviSjeAEBMdJ4rTylN8Bl-tq_wc3Wly4dVwuAEjqQTkK6L1UR4._L4zmZmuB6Bu6demyfLEL_9yE5VDy4D55TDoiMv4S0A%26dib_tag%3Dse%26keywords%3Dlaptop%26qid%3D1718868878%26sr%3D8-33-spons%26sp_csd%3Dd2lkZ2V0TmFtZT1zcF9hdGZfbmV4dA%26psc%3D1
"Dell [Smartchoice 15 Thin & Light Laptop, 12th Gen Intel Core i3-1215U Processor/8GB/512GB SSD/Intel UHD Graphics/15.6""(39.62cm) FHD/Win 11 + MSO'21/15 Month McAfee/Spill-Resistant KB/Grey/1.48kg","35,990",3.8,"SponsoredSponsored You are seeing this ad based on the product’s relevance to your search query.Let us know  Dell [Smartchoice 15 Thin & Light Laptop, 12th Gen Intel Core i3-1215U Processor/8GB/512GB SSD/Intel UHD Graphics/15.6""(39.62cm) FHD/Win 11 + MSO'21/15 Month McAfee/Spill-Resistant KB/Grey/1.48kg  3.8 out of 5 stars 673  500+ bought in past month₹35,990₹35,990 M.R.P: ₹61,817₹61,817 (42% off)Save extra with No Cost EMI FREE delivery Sat, 22 Jun Or fastest delivery Tomorrow, 21 Jun Service: Device SetupAdd to cart-Remove",https://www.amazon.in/sspa/click?ie=UTF8&spc=MTo2MzAxMjM1ODU0NTI2MTcxOjE3MTg4Njg4Nzg6c3BfYXRmX25leHQ6MzAwMjA4NjE2MjQzNjMyOjowOjo&url=%2FDell-i3-1215U-Graphic-Spill-Resistant-Keyboard%2Fdp%2FB0BQJ68HHC%2Fref%3Dsr_1_34_sspa%3Fdib%3DeyJ2IjoiMSJ9.c6BTE0BIWyBDTT6O-aj8EC04s7sVHxatWTquGgK4Z6veTyNUF0VdS8YXCHsyfv_fPUyG11UZsSwCbwkRtCTKJ6FJmu9gvkLXXjBKHAi0i6SGAQU8M0tFC0k5uj9YADYfvsGxNEerGaeXufsfsDRvRYjVZk_pGCvv2Yi_b4xgJaD9Bce_UVqeW4wMrgviSjeAEBMdJ4rTylN8Bl-tq_wc3Wly4dVwuAEjqQTkK6L1UR4._L4zmZmuB6Bu6demyfLEL_9yE5VDy4D55TDoiMv4S0A%26dib_tag%3Dse%26keywords%3Dlaptop%26qid%3D1718868878%26sr%3D8-34-spons%26sp_csd%3Dd2lkZ2V0TmFtZT1zcF9hdGZfbmV4dA%26psc%3D1
"Dell 15 Thin & Light Laptop, 12th Gen Intel Core i5-1235U Processor, 8GB, 512GB SSD, 15.6"" (39.62cm) FHD Display, Win 11 + MSO'21, 15 Month McAfee Antivirus, Black, Spill-Resistant Keyboard,1.66kg","46,990",3.8,"Dell 15 Thin & Light Laptop, 12th Gen Intel Core i5-1235U Processor, 8GB, 512GB SSD, 15.6"" (39.62cm) FHD Display, Win 11 + MSO'21, 15 Month McAfee Antivirus, Black, Spill-Resistant Keyboard,1.66kg  3.8 out of 5 stars 673  400+ bought in past month₹46,990₹46,990 M.R.P: ₹62,088₹62,088 (24% off)Save extra with No Cost EMI FREE delivery Sat, 22 Jun Or fastest delivery Tomorrow, 21 Jun Service: Device SetupAdd to cart-Remove",https://www.amazon.in/Dell-i5-1235U-Processor-Antivirus-Spill-Resistant/dp/B0CSG4G18G/ref=sr_1_35?dib=eyJ2IjoiMSJ9.c6BTE0BIWyBDTT6O-aj8EC04s7sVHxatWTquGgK4Z6veTyNUF0VdS8YXCHsyfv_fPUyG11UZsSwCbwkRtCTKJ6FJmu9gvkLXXjBKHAi0i6SGAQU8M0tFC0k5uj9YADYfvsGxNEerGaeXufsfsDRvRYjVZk_pGCvv2Yi_b4xgJaD9Bce_UVqeW4wMrgviSjeAEBMdJ4rTylN8Bl-tq_wc3Wly4dVwuAEjqQTkK6L1UR4._L4zmZmuB6Bu6demyfLEL_9yE5VDy4D55TDoiMv4S0A&dib_tag=se&keywords=laptop&qid=1718868878&sr=8-35
"Samsung Galaxy Book3 Core i7 13th Gen 1355U - (16 GB/512 GB SSD/Windows 11 Home) Galaxy Book3 Thin and Light Laptop (15.6 Inch, Silver, 1.58 Kg, with MS Office)","68,990",4.0,"Samsung Galaxy Book3 Core i7 13th Gen 1355U - (16 GB/512 GB SSD/Windows 11 Home) Galaxy Book3 Thin and Light Laptop (15.6 Inch, Silver, 1.58 Kg, with MS Office)  4.0 out of 5 stars 118  50+ bought in past month₹68,990₹68,990 M.R.P: ₹1,20,990₹1,20,990 (43% off)Save extra with No Cost EMI FREE delivery Tue, 25 Jun Service: Device SetupAdd to cart-Remove",https://www.amazon.in/Samsung-NP750XFG-KB3IN-Galaxy-Book3/dp/B0BVW75CSZ/ref=sr_1_36?dib=eyJ2IjoiMSJ9.c6BTE0BIWyBDTT6O-aj8EC04s7sVHxatWTquGgK4Z6veTyNUF0VdS8YXCHsyfv_fPUyG11UZsSwCbwkRtCTKJ6FJmu9gvkLXXjBKHAi0i6SGAQU8M0tFC0k5uj9YADYfvsGxNEerGaeXufsfsDRvRYjVZk_pGCvv2Yi_b4xgJaD9Bce_UVqeW4wMrgviSjeAEBMdJ4rTylN8Bl-tq_wc3Wly4dVwuAEjqQTkK6L1UR4._L4zmZmuB6Bu6demyfLEL_9yE5VDy4D55TDoiMv4S0A&dib_tag=se&keywords=laptop&qid=1718868878&sr=8-36
"HP Laptop 15s, AMD Ryzen 5 5500U, 15.6-inch (39.6 cm), FHD, 8GB DDR4, 512GB SSD, AMD Radeon graphics, Thin & light, Dual speakers (Win 11, MSO 2019, Silver, 1.69 kg), eq2144AU","38,390",4.1,"HP Laptop 15s, AMD Ryzen 5 5500U, 15.6-inch (39.6 cm), FHD, 8GB DDR4, 512GB SSD, AMD Radeon graphics, Thin & light, Dual speakers (Win 11, MSO 2019, Silver, 1.69 kg), eq2144AU  4.1 out of 5 stars 2,748  100+ bought in past month₹38,390₹38,390 M.R.P: ₹54,552₹54,552 (30% off)Save extra with No Cost EMI FREE delivery Sat, 22 Jun Or fastest delivery Tomorrow, 21 Jun   Alexa Built-in Alexa Built-inAlexa Built-in devices let you talk directly to Alexa, allowing you to play music, control your Smart Home, get news, weather and more using your voice. Service: Device SetupAdd to cart-Remove",https://www.amazon.in/HP-15-6-inch-graphics-speakers-eq2144AU/dp/B09RZRF1PJ/ref=sr_1_37?dib=eyJ2IjoiMSJ9.c6BTE0BIWyBDTT6O-aj8EC04s7sVHxatWTquGgK4Z6veTyNUF0VdS8YXCHsyfv_fPUyG11UZsSwCbwkRtCTKJ6FJmu9gvkLXXjBKHAi0i6SGAQU8M0tFC0k5uj9YADYfvsGxNEerGaeXufsfsDRvRYjVZk_pGCvv2Yi_b4xgJaD9Bce_UVqeW4wMrgviSjeAEBMdJ4rTylN8Bl-tq_wc3Wly4dVwuAEjqQTkK6L1UR4._L4zmZmuB6Bu6demyfLEL_9yE5VDy4D55TDoiMv4S0A&dib_tag=se&keywords=laptop&qid=1718868878&sr=8-37
N/A,N/A,N/A,N/A,https://www.amazon.inhttps://aax-eu.amazon.in/x/c/RGtjELvBkKh_iadASpjyCyQAAAGQNJGjdAMAAAH2AQBvbm9fdHhuX2JpZDIgICBvbm9fdHhuX2ltcDEgICASs0qA/https://www.amazon.in/dp/B0BFPNL98N/?_encoding=UTF8&pd_rd_i=B0BFPNL98N&ref_=sbv_search_btf&qid=&pd_rd_w=0Ex8H&content-id=amzn1.sym.69a9d8c7-1563-43e8-bc18-abd50d05a73a%3Aamzn1.sym.69a9d8c7-1563-43e8-bc18-abd50d05a73a&pf_rd_p=69a9d8c7-1563-43e8-bc18-abd50d05a73a&pf_rd_r=40FFZ34GE1HMYQZETSDY&pd_rd_wg=0Drdr&pd_rd_r=3e0a027b-ce91-45a1-b8dd-2ea4efdbec4b
N/A,N/A,N/A,N/A,N/A
"Chuwi CoreBook X i5 14"" Laptop, 16GB RAM 512GB SSD, Windows 11, Intel Core i5-1035G1 (Upto 3.6GHz), WIFI 6, USB3.2, Backlit Keyboard, Webcam, Bluetooth 5.2, HDMI Port, 46.2 Wh, 1.4kg (Gray)","27,990",3.8,"Chuwi CoreBook X i5 14"" Laptop, 16GB RAM 512GB SSD, Windows 11, Intel Core i5-1035G1 (Upto 3.6GHz), WIFI 6, USB3.2, Backlit Keyboard, Webcam, Bluetooth 5.2, HDMI Port, 46.2 Wh, 1.4kg (Gray)  3.8 out of 5 stars 205  Limited time deal  ₹27,990₹27,990 M.R.P: ₹49,990₹49,990 (44% off)Save extra with No Cost EMI FREE delivery Sat, 22 Jun Or fastest delivery Tomorrow, 21 Jun Service: Device SetupAdd to cart-Remove",https://www.amazon.in/Chuwi-CoreBook-i5-1035G1-Keyboard-Bluetooth/dp/B0CNT6LD6W/ref=sr_1_38?dib=eyJ2IjoiMSJ9.c6BTE0BIWyBDTT6O-aj8EC04s7sVHxatWTquGgK4Z6veTyNUF0VdS8YXCHsyfv_fPUyG11UZsSwCbwkRtCTKJ6FJmu9gvkLXXjBKHAi0i6SGAQU8M0tFC0k5uj9YADYfvsGxNEerGaeXufsfsDRvRYjVZk_pGCvv2Yi_b4xgJaD9Bce_UVqeW4wMrgviSjeAEBMdJ4rTylN8Bl-tq_wc3Wly4dVwuAEjqQTkK6L1UR4._L4zmZmuB6Bu6demyfLEL_9yE5VDy4D55TDoiMv4S0A&dib_tag=se&keywords=laptop&qid=1718868878&sr=8-38
"HP Laptop 14s, Intel Pentium Silver N6000, 14 inch(35.6 cm) HD (1366 x 768) Micro-Edge, 8GB DDR4, 512GB SSD, Intel UHD Graphics, Dual Speakers, HD Camera (Win 11, MSO, Alexa,1.46 Kg) dr3003TU","26,490",3.2,"HP Laptop 14s, Intel Pentium Silver N6000, 14 inch(35.6 cm) HD (1366 x 768) Micro-Edge, 8GB DDR4, 512GB SSD, Intel UHD Graphics, Dual Speakers, HD Camera (Win 11, MSO, Alexa,1.46 Kg) dr3003TU  3.2 out of 5 stars 249  Limited time deal  ₹26,490₹26,490 M.R.P: ₹35,600₹35,600 (26% off)Save extra with No Cost EMI FREE delivery Sat, 22 Jun Or fastest delivery Tomorrow, 21 Jun Service: Device SetupAdd to cart-Remove",https://www.amazon.in/HP-Micro-Edge-Graphics-Speakers-dr3003TU/dp/B0CGDCF9T9/ref=sr_1_39?dib=eyJ2IjoiMSJ9.c6BTE0BIWyBDTT6O-aj8EC04s7sVHxatWTquGgK4Z6veTyNUF0VdS8YXCHsyfv_fPUyG11UZsSwCbwkRtCTKJ6FJmu9gvkLXXjBKHAi0i6SGAQU8M0tFC0k5uj9YADYfvsGxNEerGaeXufsfsDRvRYjVZk_pGCvv2Yi_b4xgJaD9Bce_UVqeW4wMrgviSjeAEBMdJ4rTylN8Bl-tq_wc3Wly4dVwuAEjqQTkK6L1UR4._L4zmZmuB6Bu6demyfLEL_9yE5VDy4D55TDoiMv4S0A&dib_tag=se&keywords=laptop&qid=1718868878&sr=8-39
"HP 255 G9 (840T7PA) Notebook (AMD Athlon Silver-3050U/ 4GB RAM/ 256GB SSD/DOS/ 15.6"" Screen/ 1 Year Warranty), Black","19,990",3.6,"HP 255 G9 (840T7PA) Notebook (AMD Athlon Silver-3050U/ 4GB RAM/ 256GB SSD/DOS/ 15.6"" Screen/ 1 Year Warranty), Black  3.6 out of 5 stars 52  ₹19,990₹19,990 M.R.P: ₹27,057₹27,057 (26% off) FREE delivery Sat, 22 Jun Or fastest delivery Tomorrow, 21 Jun Add to cart-Remove",https://www.amazon.in/HP-255-G9-Notebook-Silver-3050U/dp/B0C8VF4DL5/ref=sr_1_40?dib=eyJ2IjoiMSJ9.c6BTE0BIWyBDTT6O-aj8EC04s7sVHxatWTquGgK4Z6veTyNUF0VdS8YXCHsyfv_fPUyG11UZsSwCbwkRtCTKJ6FJmu9gvkLXXjBKHAi0i6SGAQU8M0tFC0k5uj9YADYfvsGxNEerGaeXufsfsDRvRYjVZk_pGCvv2Yi_b4xgJaD9Bce_UVqeW4wMrgviSjeAEBMdJ4rTylN8Bl-tq_wc3Wly4dVwuAEjqQTkK6L1UR4._L4zmZmuB6Bu6demyfLEL_9yE5VDy4D55TDoiMv4S0A&dib_tag=se&keywords=laptop&qid=1718868878&sr=8-40
"Lenovo IdeaPad Slim 1 Intel Celeron N4020 14"" (35.5cm) HD 220nits Thin and Light Laptop (8GB/256GB SDD/Windows 11/Office 2021/1Yr Warranty + ADP/3months Game Pass/Cloud Grey/1.3Kg), 82V6006EIN","24,990",3.9,"Lenovo IdeaPad Slim 1 Intel Celeron N4020 14"" (35.5cm) HD 220nits Thin and Light Laptop (8GB/256GB SDD/Windows 11/Office 2021/1Yr Warranty + ADP/3months Game Pass/Cloud Grey/1.3Kg), 82V6006EIN  3.9 out of 5 stars 170  ₹24,990₹24,990 M.R.P: ₹34,999₹34,999 (29% off)Save 1% with coupon FREE delivery Mon, 24 Jun Add to cart-Remove",https://www.amazon.in/Lenovo-Anti-Glare-Warranty-Platinum-81WQ00NXIN/dp/B0B7R7HFKL/ref=sr_1_41?dib=eyJ2IjoiMSJ9.c6BTE0BIWyBDTT6O-aj8EC04s7sVHxatWTquGgK4Z6veTyNUF0VdS8YXCHsyfv_fPUyG11UZsSwCbwkRtCTKJ6FJmu9gvkLXXjBKHAi0i6SGAQU8M0tFC0k5uj9YADYfvsGxNEerGaeXufsfsDRvRYjVZk_pGCvv2Yi_b4xgJaD9Bce_UVqeW4wMrgviSjeAEBMdJ4rTylN8Bl-tq_wc3Wly4dVwuAEjqQTkK6L1UR4._L4zmZmuB6Bu6demyfLEL_9yE5VDy4D55TDoiMv4S0A&dib_tag=se&keywords=laptop&qid=1718868878&sr=8-41
"Lenovo IdeaPad 1 Intel Core Celeron N4020 14"" HD Thin and Light Laptop (8 GB/256GB SDD/Windows 11 Home/1Yr ADP Free/Cloud Grey/1.3Kg), 82V6005EIN","24,850",4.1,"Lenovo IdeaPad 1 Intel Core Celeron N4020 14"" HD Thin and Light Laptop (8 GB/256GB SDD/Windows 11 Home/1Yr ADP Free/Cloud Grey/1.3Kg), 82V6005EIN  4.1 out of 5 stars 6  50+ bought in past month₹24,850₹24,850 M.R.P: ₹37,690₹37,690 (34% off)Save extra with No Cost EMI FREE delivery Sat, 22 Jun Or fastest delivery Tomorrow, 21 Jun Service: Device SetupAdd to cart-Remove",https://www.amazon.in/Lenovo-IdeaPad-Celeron-Warranty-82V6005EIN/dp/B0CCS3F5LX/ref=sr_1_42?dib=eyJ2IjoiMSJ9.c6BTE0BIWyBDTT6O-aj8EC04s7sVHxatWTquGgK4Z6veTyNUF0VdS8YXCHsyfv_fPUyG11UZsSwCbwkRtCTKJ6FJmu9gvkLXXjBKHAi0i6SGAQU8M0tFC0k5uj9YADYfvsGxNEerGaeXufsfsDRvRYjVZk_pGCvv2Yi_b4xgJaD9Bce_UVqeW4wMrgviSjeAEBMdJ4rTylN8Bl-tq_wc3Wly4dVwuAEjqQTkK6L1UR4._L4zmZmuB6Bu6demyfLEL_9yE5VDy4D55TDoiMv4S0A&dib_tag=se&keywords=laptop&qid=1718868878&sr=8-42
"Samsung Galaxy Book3 Pro Intel 13th Gen i5 EvoTM 35.56cm(14"") Dynamic Amoled 2X, 3K Display, 120Hz, Ultra Thin & Light Laptop(16 GB/512 GB SSD/Windows 11/MS Office/Graphite/1.17Kg), NP940XFG-KC1IN","1,16,990",4.0,"SponsoredSponsored You are seeing this ad based on the product’s relevance to your search query.Let us know  Samsung Galaxy Book3 Pro Intel 13th Gen i5 EvoTM 35.56cm(14"") Dynamic Amoled 2X, 3K Display, 120Hz, Ultra Thin & Light Laptop(16 GB/512 GB SSD/Windows 11/MS Office/Graphite/1.17Kg), NP940XFG-KC1IN  4.0 out of 5 stars 22  ₹1,16,990₹1,16,990 M.R.P: ₹1,64,990₹1,64,990 (29% off)Flat INR 5000 Off on HDFC Bank Credit Card FREE delivery Sat, 22 Jun Or fastest delivery Tomorrow, 21 Jun Service: Device SetupAdd to cart-Remove",https://www.amazon.in/sspa/click?ie=UTF8&spc=MTo2MzAxMjM1ODU0NTI2MTcxOjE3MTg4Njg4Nzg6c3BfbXRmOjMwMDE2NzMxNTE5NjYzMjo6MDo6&url=%2FSamsung-35-56cm-Dynamic-Graphite-NP940XFG-KC1IN%2Fdp%2FB0BSH3JFP2%2Fref%3Dsr_1_43_sspa%3Fdib%3DeyJ2IjoiMSJ9.c6BTE0BIWyBDTT6O-aj8EC04s7sVHxatWTquGgK4Z6veTyNUF0VdS8YXCHsyfv_fPUyG11UZsSwCbwkRtCTKJ6FJmu9gvkLXXjBKHAi0i6SGAQU8M0tFC0k5uj9YADYfvsGxNEerGaeXufsfsDRvRYjVZk_pGCvv2Yi_b4xgJaD9Bce_UVqeW4wMrgviSjeAEBMdJ4rTylN8Bl-tq_wc3Wly4dVwuAEjqQTkK6L1UR4._L4zmZmuB6Bu6demyfLEL_9yE5VDy4D55TDoiMv4S0A%26dib_tag%3Dse%26keywords%3Dlaptop%26qid%3D1718868878%26sr%3D8-43-spons%26sp_csd%3Dd2lkZ2V0TmFtZT1zcF9tdGY%26psc%3D1
"Chuwi HeroBook Pro 14.1'' Intel Celeron N4020 Laptop with 8GB RAM, 256GB SSD, Windows 11, 1TB Expand, FHD IPS, Ultra Slim, USB3.0, Mini-HDMI, Webcam","16,490",3.6,"SponsoredSponsored You are seeing this ad based on the product’s relevance to your search query.Let us know  Chuwi HeroBook Pro 14.1'' Intel Celeron N4020 Laptop with 8GB RAM, 256GB SSD, Windows 11, 1TB Expand, FHD IPS, Ultra Slim, USB3.0, Mini-HDMI, Webcam  3.6 out of 5 stars 4,036  200+ bought in past monthLimited time deal  ₹16,490₹16,490 M.R.P: ₹34,990₹34,990 (53% off)Save extra with No Cost EMI FREE delivery Sat, 22 Jun Or fastest delivery Tomorrow, 21 Jun Service: Device SetupAdd to cart-Remove",https://www.amazon.in/sspa/click?ie=UTF8&spc=MTo2MzAxMjM1ODU0NTI2MTcxOjE3MTg4Njg4Nzg6c3BfbXRmOjMwMDEzODQzNDM1NzMzMjo6MDo6&url=%2FChuwi-HeroBook-Pro-Celeron-Mini-HDMI%2Fdp%2FB00OKAFZHO%2Fref%3Dsr_1_44_sspa%3Fdib%3DeyJ2IjoiMSJ9.c6BTE0BIWyBDTT6O-aj8EC04s7sVHxatWTquGgK4Z6veTyNUF0VdS8YXCHsyfv_fPUyG11UZsSwCbwkRtCTKJ6FJmu9gvkLXXjBKHAi0i6SGAQU8M0tFC0k5uj9YADYfvsGxNEerGaeXufsfsDRvRYjVZk_pGCvv2Yi_b4xgJaD9Bce_UVqeW4wMrgviSjeAEBMdJ4rTylN8Bl-tq_wc3Wly4dVwuAEjqQTkK6L1UR4._L4zmZmuB6Bu6demyfLEL_9yE5VDy4D55TDoiMv4S0A%26dib_tag%3Dse%26keywords%3Dlaptop%26qid%3D1718868878%26sr%3D8-44-spons%26sp_csd%3Dd2lkZ2V0TmFtZT1zcF9tdGY%26psc%3D1
"Lenovo IdeaPad 1 AMD Athlon Silver 7120U 15.6"" HD Thin and Light Laptop (8GB/512GB SDD/Windows 11 Home/1Year Warranty/MS Office/Cloud Grey/1.58Kg), 82VG00EQIN","28,990",4.0,"Lenovo IdeaPad 1 AMD Athlon Silver 7120U 15.6"" HD Thin and Light Laptop (8GB/512GB SDD/Windows 11 Home/1Year Warranty/MS Office/Cloud Grey/1.58Kg), 82VG00EQIN  4.0 out of 5 stars 284  50+ bought in past month₹28,990₹28,990 M.R.P: ₹43,790₹43,790 (34% off)Upto 10% Off on select cards FREE delivery Sat, 22 Jun Or fastest delivery Tomorrow, 21 Jun Service: Device SetupAdd to cart-Remove",https://www.amazon.in/Lenovo-IdeaPad-Windows-Warranty-82VG00EQIN/dp/B0CN18M8CM/ref=sr_1_45?dib=eyJ2IjoiMSJ9.c6BTE0BIWyBDTT6O-aj8EC04s7sVHxatWTquGgK4Z6veTyNUF0VdS8YXCHsyfv_fPUyG11UZsSwCbwkRtCTKJ6FJmu9gvkLXXjBKHAi0i6SGAQU8M0tFC0k5uj9YADYfvsGxNEerGaeXufsfsDRvRYjVZk_pGCvv2Yi_b4xgJaD9Bce_UVqeW4wMrgviSjeAEBMdJ4rTylN8Bl-tq_wc3Wly4dVwuAEjqQTkK6L1UR4._L4zmZmuB6Bu6demyfLEL_9yE5VDy4D55TDoiMv4S0A&dib_tag=se&keywords=laptop&qid=1718868878&sr=8-45
"Lenovo IdeaPad 1 Intel Core Celeron N4020 14"" HD Thin and Light Laptop (4GB/256GB SDD/Windows 11 Home/1Yr ADP Free/Cloud Grey/1.3Kg), 82V6005CIN","20,990",3.9,"Lenovo IdeaPad 1 Intel Core Celeron N4020 14"" HD Thin and Light Laptop (4GB/256GB SDD/Windows 11 Home/1Yr ADP Free/Cloud Grey/1.3Kg), 82V6005CIN  3.9 out of 5 stars 170  Limited time deal  ₹20,990₹20,990 M.R.P: ₹44,390₹44,390 (53% off)Save extra with No Cost EMI FREE delivery Sat, 22 Jun Or fastest delivery Tomorrow, 21 Jun Service: Device SetupAdd to cart-Remove",https://www.amazon.in/Lenovo-IdeaPad-Celeron-Warranty-82V6005CIN/dp/B0C864DPY2/ref=sr_1_46?dib=eyJ2IjoiMSJ9.c6BTE0BIWyBDTT6O-aj8EC04s7sVHxatWTquGgK4Z6veTyNUF0VdS8YXCHsyfv_fPUyG11UZsSwCbwkRtCTKJ6FJmu9gvkLXXjBKHAi0i6SGAQU8M0tFC0k5uj9YADYfvsGxNEerGaeXufsfsDRvRYjVZk_pGCvv2Yi_b4xgJaD9Bce_UVqeW4wMrgviSjeAEBMdJ4rTylN8Bl-tq_wc3Wly4dVwuAEjqQTkK6L1UR4._L4zmZmuB6Bu6demyfLEL_9yE5VDy4D55TDoiMv4S0A&dib_tag=se&keywords=laptop&qid=1718868878&sr=8-46
"Acer Aspire Lite AMD Ryzen 3 5300U Premium Thin and Light Laptop (Windows 11 Home/16 GB RAM/512 GB SSD) AL15-41 with 39.62 cm (15.6"") Full HD Display, Metal Body, Steel Gray, 1.6 KG","31,990",1.0,"Acer Aspire Lite AMD Ryzen 3 5300U Premium Thin and Light Laptop (Windows 11 Home/16 GB RAM/512 GB SSD) AL15-41 with 39.62 cm (15.6"") Full HD Display, Metal Body, Steel Gray, 1.6 KG  1.0 out of 5 stars 1  Limited time deal  ₹31,990₹31,990 M.R.P: ₹49,990₹49,990 (36% off)Upto 10% Off on select cards FREE delivery Sat, 22 Jun Or fastest delivery Tomorrow, 21 Jun Service: Device SetupAdd to cart-Remove",https://www.amazon.in/Acer-Premium-Windows-AL15-41-Display/dp/B0CWTYGPH8/ref=sr_1_47?dib=eyJ2IjoiMSJ9.c6BTE0BIWyBDTT6O-aj8EC04s7sVHxatWTquGgK4Z6veTyNUF0VdS8YXCHsyfv_fPUyG11UZsSwCbwkRtCTKJ6FJmu9gvkLXXjBKHAi0i6SGAQU8M0tFC0k5uj9YADYfvsGxNEerGaeXufsfsDRvRYjVZk_pGCvv2Yi_b4xgJaD9Bce_UVqeW4wMrgviSjeAEBMdJ4rTylN8Bl-tq_wc3Wly4dVwuAEjqQTkK6L1UR4._L4zmZmuB6Bu6demyfLEL_9yE5VDy4D55TDoiMv4S0A&dib_tag=se&keywords=laptop&qid=1718868878&sr=8-47
"Acer ALG 12th Gen Intel Core i5 Gaming Laptop (16GB RAM/512GB SSD/4GB RTX 2050 Graphics/60Hz/Win11Home/Wifi 6) AL15G-52, 39.62cm (15.6 inch) FHD Display, Premium Metal Body, Steel Gray, 1.99KG","57,990",4.0,"Acer ALG 12th Gen Intel Core i5 Gaming Laptop (16GB RAM/512GB SSD/4GB RTX 2050 Graphics/60Hz/Win11Home/Wifi 6) AL15G-52, 39.62cm (15.6 inch) FHD Display, Premium Metal Body, Steel Gray, 1.99KG  4.0 out of 5 stars 919  50+ bought in past monthLimited time deal  ₹57,990₹57,990 M.R.P: ₹89,990₹89,990 (36% off)Upto 10% Off on select cards FREE delivery Sat, 22 Jun Or fastest delivery Tomorrow, 21 Jun Service: Device SetupAdd to cart-Remove",https://www.amazon.in/Acer-Graphics-Win11Home-AL15G-52-39-62cm/dp/B0D32SKB4C/ref=sr_1_48?dib=eyJ2IjoiMSJ9.c6BTE0BIWyBDTT6O-aj8EC04s7sVHxatWTquGgK4Z6veTyNUF0VdS8YXCHsyfv_fPUyG11UZsSwCbwkRtCTKJ6FJmu9gvkLXXjBKHAi0i6SGAQU8M0tFC0k5uj9YADYfvsGxNEerGaeXufsfsDRvRYjVZk_pGCvv2Yi_b4xgJaD9Bce_UVqeW4wMrgviSjeAEBMdJ4rTylN8Bl-tq_wc3Wly4dVwuAEjqQTkK6L1UR4._L4zmZmuB6Bu6demyfLEL_9yE5VDy4D55TDoiMv4S0A&dib_tag=se&keywords=laptop&qid=1718868878&sr=8-48
"HP Pavilion 14, 12th Gen Intel Core i5-1235U, 14-inch (35.6 cm), FHD, 16GB DDR4, 512GB SSD, Intel Iris Xe graphics, FPR, 720p HD camera, Backlit KB (Win 11, MSO 2021, Silver, 1.41 kg), dv2014TU","61,999",4.1,"HP Pavilion 14, 12th Gen Intel Core i5-1235U, 14-inch (35.6 cm), FHD, 16GB DDR4, 512GB SSD, Intel Iris Xe graphics, FPR, 720p HD camera, Backlit KB (Win 11, MSO 2021, Silver, 1.41 kg), dv2014TU  4.1 out of 5 stars 717  200+ bought in past month₹61,999₹61,999 M.R.P: ₹73,688₹73,688 (16% off)Upto 10% Off on select cards FREE delivery Sat, 22 Jun Or fastest delivery Tomorrow, 21 Jun   Alexa Built-in Alexa Built-inAlexa Built-in devices let you talk directly to Alexa, allowing you to play music, control your Smart Home, get news, weather and more using your voice. Service: Device SetupAdd to cart-Remove",https://www.amazon.in/HP-Pavilion-Micro-Edge-Graphics-14-dv2014TU/dp/B0B1M9HYBT/ref=sr_1_49?dib=eyJ2IjoiMSJ9.c6BTE0BIWyBDTT6O-aj8EC04s7sVHxatWTquGgK4Z6veTyNUF0VdS8YXCHsyfv_fPUyG11UZsSwCbwkRtCTKJ6FJmu9gvkLXXjBKHAi0i6SGAQU8M0tFC0k5uj9YADYfvsGxNEerGaeXufsfsDRvRYjVZk_pGCvv2Yi_b4xgJaD9Bce_UVqeW4wMrgviSjeAEBMdJ4rTylN8Bl-tq_wc3Wly4dVwuAEjqQTkK6L1UR4._L4zmZmuB6Bu6demyfLEL_9yE5VDy4D55TDoiMv4S0A&dib_tag=se&keywords=laptop&qid=1718868878&sr=8-49
"MSI Modern 14, Intel 12th Gen. i7-1255U, 36CM FHD 60Hz Laptop (16GB/512GB NVMe SSD/Windows 11 Home/Intel Iris Xe Graphics/Classic Black/1.4Kg), C12M-459IN","50,036",4.0,"MSI Modern 14, Intel 12th Gen. i7-1255U, 36CM FHD 60Hz Laptop (16GB/512GB NVMe SSD/Windows 11 Home/Intel Iris Xe Graphics/Classic Black/1.4Kg), C12M-459IN  4.0 out of 5 stars 123  50+ bought in past month₹50,036₹50,036 M.R.P: ₹78,990₹78,990 (37% off)Save extra with No Cost EMI FREE delivery Sat, 22 Jun Or fastest delivery Tomorrow, 21 Jun Service: Device SetupAdd to cart-RemoveMore Buying Choices₹49,780(3 new offers)",https://www.amazon.in/MSI-i7-1255U-Windows-Graphics-C12M-459IN/dp/B09YCX5F52/ref=sr_1_50?dib=eyJ2IjoiMSJ9.c6BTE0BIWyBDTT6O-aj8EC04s7sVHxatWTquGgK4Z6veTyNUF0VdS8YXCHsyfv_fPUyG11UZsSwCbwkRtCTKJ6FJmu9gvkLXXjBKHAi0i6SGAQU8M0tFC0k5uj9YADYfvsGxNEerGaeXufsfsDRvRYjVZk_pGCvv2Yi_b4xgJaD9Bce_UVqeW4wMrgviSjeAEBMdJ4rTylN8Bl-tq_wc3Wly4dVwuAEjqQTkK6L1UR4._L4zmZmuB6Bu6demyfLEL_9yE5VDy4D55TDoiMv4S0A&dib_tag=se&keywords=laptop&qid=1718868878&sr=8-50
"ZEBRONICS PRO Series Z NBC 3S, Intel Core 12th Gen i3 Processor 8GB RAM & 512GB SSD Laptop, 15.6 Inch (39.6CM), IPS 180° Display, Dolby Atmos, 38.5Wh Large Battery, Windows 11, Blue, 1.76 Kg","25,990",4.0,"ZEBRONICS PRO Series Z NBC 3S, Intel Core 12th Gen i3 Processor 8GB RAM & 512GB SSD Laptop, 15.6 Inch (39.6CM), IPS 180° Display, Dolby Atmos, 38.5Wh Large Battery, Windows 11, Blue, 1.76 Kg  4.0 out of 5 stars 39  Limited time deal  ₹25,990₹25,990 M.R.P: ₹50,999₹50,999 (49% off)Save extra with No Cost EMI FREE delivery Sat, 22 Jun Or fastest delivery Tomorrow, 21 Jun Add to cart-Remove",https://www.amazon.in/ZEBRONICS-Processor-15-6-Inch-Display-Battery/dp/B0CJJCT1PT/ref=sr_1_51?dib=eyJ2IjoiMSJ9.c6BTE0BIWyBDTT6O-aj8EC04s7sVHxatWTquGgK4Z6veTyNUF0VdS8YXCHsyfv_fPUyG11UZsSwCbwkRtCTKJ6FJmu9gvkLXXjBKHAi0i6SGAQU8M0tFC0k5uj9YADYfvsGxNEerGaeXufsfsDRvRYjVZk_pGCvv2Yi_b4xgJaD9Bce_UVqeW4wMrgviSjeAEBMdJ4rTylN8Bl-tq_wc3Wly4dVwuAEjqQTkK6L1UR4._L4zmZmuB6Bu6demyfLEL_9yE5VDy4D55TDoiMv4S0A&dib_tag=se&keywords=laptop&qid=1718868878&sr=8-51
"Dell 14 Thin & Light Laptop, AMD Ryzen R5-5500U/ 8GB DDR4 2400 MHz/ 512GB/ 14.0"" (35.56cm) FHD Display + Comfort View/Windows 11 + MSO'21/15 Month McAfee/Spill-Resistant Keyboard/Carbon Black/ 1.48kg","36,990",3.9,"Dell 14 Thin & Light Laptop, AMD Ryzen R5-5500U/ 8GB DDR4 2400 MHz/ 512GB/ 14.0"" (35.56cm) FHD Display + Comfort View/Windows 11 + MSO'21/15 Month McAfee/Spill-Resistant Keyboard/Carbon Black/ 1.48kg  3.9 out of 5 stars 307  100+ bought in past month₹36,990₹36,990 M.R.P: ₹61,204₹61,204 (40% off)Save extra with No Cost EMI FREE delivery Sat, 22 Jun Or fastest delivery Tomorrow, 21 Jun Service: Device SetupAdd to cart-Remove",https://www.amazon.in/Dell-R5-5500U-35-56cm-Spill-Resistant-Keyboard/dp/B0CLH81BGH/ref=sr_1_52?dib=eyJ2IjoiMSJ9.c6BTE0BIWyBDTT6O-aj8EC04s7sVHxatWTquGgK4Z6veTyNUF0VdS8YXCHsyfv_fPUyG11UZsSwCbwkRtCTKJ6FJmu9gvkLXXjBKHAi0i6SGAQU8M0tFC0k5uj9YADYfvsGxNEerGaeXufsfsDRvRYjVZk_pGCvv2Yi_b4xgJaD9Bce_UVqeW4wMrgviSjeAEBMdJ4rTylN8Bl-tq_wc3Wly4dVwuAEjqQTkK6L1UR4._L4zmZmuB6Bu6demyfLEL_9yE5VDy4D55TDoiMv4S0A&dib_tag=se&keywords=laptop&qid=1718868878&sr=8-52
"Dell 14 Thin & Light Laptop, AMD Ryzen R5-5500U/ 8GB DDR4 2400 MHz/ 512GB/ 14.0"" (35.56cm) FHD Display + Comfort View/Windows 11 + MSO'21/15 Month McAfee/Spill-Resistant Keyboard/Carbon Black/ 1.48kg","36,990",3.9,"SponsoredSponsored You are seeing this ad based on the product’s relevance to your search query.Let us know  Dell 14 Thin & Light Laptop, AMD Ryzen R5-5500U/ 8GB DDR4 2400 MHz/ 512GB/ 14.0"" (35.56cm) FHD Display + Comfort View/Windows 11 + MSO'21/15 Month McAfee/Spill-Resistant Keyboard/Carbon Black/ 1.48kg  3.9 out of 5 stars 307  100+ bought in past month₹36,990₹36,990 M.R.P: ₹61,204₹61,204 (40% off)Save extra with No Cost EMI FREE delivery Sat, 22 Jun Or fastest delivery Tomorrow, 21 Jun Service: Device SetupAdd to cart-Remove",https://www.amazon.in/sspa/click?ie=UTF8&spc=MTo2MzAxMjM1ODU0NTI2MTcxOjE3MTg4Njg4Nzg6c3BfYnRmOjMwMDEzMTk3OTc5MzUzMjo6MDo6&url=%2FDell-R5-5500U-35-56cm-Spill-Resistant-Keyboard%2Fdp%2FB0CLH81BGH%2Fref%3Dsr_1_53_sspa%3Fdib%3DeyJ2IjoiMSJ9.c6BTE0BIWyBDTT6O-aj8EC04s7sVHxatWTquGgK4Z6veTyNUF0VdS8YXCHsyfv_fPUyG11UZsSwCbwkRtCTKJ6FJmu9gvkLXXjBKHAi0i6SGAQU8M0tFC0k5uj9YADYfvsGxNEerGaeXufsfsDRvRYjVZk_pGCvv2Yi_b4xgJaD9Bce_UVqeW4wMrgviSjeAEBMdJ4rTylN8Bl-tq_wc3Wly4dVwuAEjqQTkK6L1UR4._L4zmZmuB6Bu6demyfLEL_9yE5VDy4D55TDoiMv4S0A%26dib_tag%3Dse%26keywords%3Dlaptop%26qid%3D1718868878%26sr%3D8-53-spons%26sp_csd%3Dd2lkZ2V0TmFtZT1zcF9idGY%26psc%3D1
"Dell 14 Thin & Light Laptop, Intel Core i5-1235U Processor, 8GB + 512GB SSD, 14.0"" (35.62cm) FHD AG 250 nits Display, Win 11 + MSO'21 & 15 Month McAfee, Grey, Spill-Resistant Keyboard, 1.48kg","46,990",3.8,"SponsoredSponsored You are seeing this ad based on the product’s relevance to your search query.Let us know  Dell 14 Thin & Light Laptop, Intel Core i5-1235U Processor, 8GB + 512GB SSD, 14.0"" (35.62cm) FHD AG 250 nits Display, Win 11 + MSO'21 & 15 Month McAfee, Grey, Spill-Resistant Keyboard, 1.48kg  3.8 out of 5 stars 92  50+ bought in past month₹46,990₹46,990 M.R.P: ₹61,098₹61,098 (23% off)Upto 10% Off on select cards FREE delivery Sat, 22 Jun Or fastest delivery Tomorrow, 21 Jun Service: Device SetupAdd to cart-Remove",https://www.amazon.in/sspa/click?ie=UTF8&spc=MTo2MzAxMjM1ODU0NTI2MTcxOjE3MTg4Njg4Nzg6c3BfYnRmOjMwMDIwODU5NDUyODAzMjo6MDo6&url=%2FDell-i5-1235U-Processor-Spill-Resistant-Keyboard%2Fdp%2FB0D2DNCMB4%2Fref%3Dsr_1_54_sspa%3Fdib%3DeyJ2IjoiMSJ9.c6BTE0BIWyBDTT6O-aj8EC04s7sVHxatWTquGgK4Z6veTyNUF0VdS8YXCHsyfv_fPUyG11UZsSwCbwkRtCTKJ6FJmu9gvkLXXjBKHAi0i6SGAQU8M0tFC0k5uj9YADYfvsGxNEerGaeXufsfsDRvRYjVZk_pGCvv2Yi_b4xgJaD9Bce_UVqeW4wMrgviSjeAEBMdJ4rTylN8Bl-tq_wc3Wly4dVwuAEjqQTkK6L1UR4._L4zmZmuB6Bu6demyfLEL_9yE5VDy4D55TDoiMv4S0A%26dib_tag%3Dse%26keywords%3Dlaptop%26qid%3D1718868878%26sr%3D8-54-spons%26sp_csd%3Dd2lkZ2V0TmFtZT1zcF9idGY%26psc%3D1
SIDRUM Camera Backpack Waterproof Camera Bag | Large Capacity Camera Case with 15 Inch Laptop Compartment & Rain Cover | for Photographer carrying DSLR SLR Cameras Lens Tripods,"1,999",4.2,"Sponsored SIDRUM Camera Backpack Waterproof Camera Bag | Large Capacity Camera Case with 15 Inch Laptop Compartment & Rain Cover | for Photographer carrying DSLR SLR Cameras Lens Tripods  4.2 out of 5 stars 127  ₹1,999₹1,999 M.R.P: ₹2,999₹2,999 (33% off) FREE Delivery by Amazon",https://www.amazon.inhttps://aax-eu.amazon.in/x/c/RGzU45DIXdoyCykXSS4g8LsAAAGQNJGjcgMAAAH2AQBvbm9fdHhuX2JpZDEgICBvbm9fdHhuX2ltcDEgICBKmMOZ/https://www.amazon.in/dp/B0BG29FDC7?pd_rd_i=B0BG29FDC7&pf_rd_p=0bf6e756-9083-4dd2-9106-62658b82306d&pf_rd_r=40FFZ34GE1HMYQZETSDY&pd_rd_wg=Anxlw&pd_rd_w=sB19F&pd_rd_r=664772e0-ed55-46e5-a540-76f1ee26d731
N/A,N/A,N/A,N/A,https://www.amazon.in/s/?k=laptop+hp&ref=sugsr_0&pd_rd_w=PvHMI&content-id=amzn1.sym.5e455782-2b09-4126-83e3-a9dbac6d07bb:amzn1.sym.5e455782-2b09-4126-83e3-a9dbac6d07bb&pf_rd_p=5e455782-2b09-4126-83e3-a9dbac6d07bb&pf_rd_r=40FFZ34GE1HMYQZETSDY&pd_rd_wg=Anxlw&pd_rd_r=664772e0-ed55-46e5-a540-76f1ee26d731&qid=1718868878
N/A,N/A,N/A,N/A,N/A
N/A,N/A,N/A,N/A,https://www.amazon.inhttps://aax-eu.amazon.in/x/c/ROFOhb71-Q1ZQyZ9935jw1cAAAGQNJGj8gMAAAH2AQBvbm9fdHhuX2JpZDEgICBvbm9fdHhuX2ltcDEgICAu4-h9/https://www.amazon.in/stores/page/7EADD116-0941-4C15-A480-94AF6FFF3B43/?_encoding=UTF8&store_ref=SB_A06808443K9KR8VS450F1-A08014543B27SJYFNXNJZ&pd_rd_plhdr=t&aaxitk=41a6a6da87dbb84c071b261279f78701&hsa_cr_id=0&lp_asins=B0B3BQ11LP%2CB0B3BS9BRW&lp_query=laptop&lp_slot=desktop-hsa-3psl&ref_=sbx_be_s_3psl_mbd_mb0_bkgd&pd_rd_w=uqzVI&content-id=amzn1.sym.f1a4d09d-a292-48da-a86f-03294c9a41ef%3Aamzn1.sym.f1a4d09d-a292-48da-a86f-03294c9a41ef&pf_rd_p=f1a4d09d-a292-48da-a86f-03294c9a41ef&pf_rd_r=40FFZ34GE1HMYQZETSDY&pd_rd_wg=LYug1&pd_rd_r=fbf7f9fc-9b40-464c-a895-befcea81f28b
N/A,N/A,N/A,N/A,https://www.amazon.in/gp/help/customer/display.html?nodeId=201889520
N/A,N/A,N/A,N/A,N/A
